n,inst ,lock,set_rex,segment,mem_xchg,p0156,p06,p23,p237,p4,p1,p15,p015,p5,p0,p05,p01,p6,min_lat,max_lat
0,ADC,0,0,0,0,1,1,0,0,0,0,0,0,0,0,0,0,0,1,2
1,ADC,0,0,0,0,1,1,0,0,0,0,0,0,0,0,0,0,0,1,2
2,ADC,0,0,0,0,1,1,0,0,0,0,0,0,0,0,0,0,0,1,2
3,ADC,0,0,0,0,3,0,1,1,1,0,0,0,0,0,0,0,0,2,11
4,ADC,0,0,0,0,3,0,1,1,1,0,0,0,0,0,0,0,0,2,11
5,ADC,0,0,0,0,1,2,1,1,1,0,0,0,0,0,0,0,0,1,10
6,ADC,0,0,0,0,3,0,1,1,1,0,0,0,0,0,0,0,0,2,10
7,ADC,0,0,0,0,3,0,1,1,1,0,0,0,0,0,0,0,0,2,10
8,ADC,0,0,0,0,1,2,1,1,1,0,0,0,0,0,0,0,0,1,10
9,ADC,0,0,0,0,3,0,1,1,1,0,0,0,0,0,0,0,0,2,10
10,ADC,0,0,0,0,3,0,1,1,1,0,0,0,0,0,0,0,0,2,10
11,ADC,0,0,0,0,1,2,1,1,1,0,0,0,0,0,0,0,0,1,10
12,ADC,0,0,0,0,3,0,1,1,1,0,0,0,0,0,0,0,0,2,11
13,ADC,0,0,0,0,0,1,0,0,0,0,0,0,0,0,0,0,0,1,1
14,ADC,0,0,0,0,0,1,0,0,0,0,0,0,0,0,0,0,0,1,1
15,ADC,0,0,0,0,0,1,1,0,0,0,0,0,0,0,0,0,0,1,6
16,ADC,0,0,0,0,0,1,0,0,0,0,0,0,0,0,0,0,0,1,1
17,ADC,0,0,0,0,0,1,0,0,0,0,0,0,0,0,0,0,0,1,1
18,ADC,0,0,0,0,0,1,1,0,0,0,0,0,0,0,0,0,0,1,6
19,ADC,0,0,0,0,0,1,0,0,0,0,0,0,0,0,0,0,0,1,1
20,ADC,0,0,0,0,0,1,0,0,0,0,0,0,0,0,0,0,0,1,1
21,ADC,0,0,0,0,0,1,1,0,0,0,0,0,0,0,0,0,0,1,6
22,ADC,0,0,0,0,1,1,0,0,0,0,0,0,0,0,0,0,0,1,2
23,ADC_11,0,0,0,0,0,1,0,0,0,0,0,0,0,0,0,0,0,1,1
24,ADC_11,0,0,0,0,0,1,0,0,0,0,0,0,0,0,0,0,0,1,1
25,ADC_11,0,0,0,0,0,1,0,0,0,0,0,0,0,0,0,0,0,1,1
26,ADC_13,0,0,0,0,0,1,0,0,0,0,0,0,0,0,0,0,0,1,1
27,ADC_13,0,0,0,0,0,1,0,0,0,0,0,0,0,0,0,0,0,1,1
28,ADC_13,0,0,0,0,0,1,0,0,0,0,0,0,0,0,0,0,0,1,1
29,ADC_LOCK,1,0,0,0,5,2,2,0,1,0,0,0,0,0,0,0,0,13,30
30,ADC_LOCK,1,0,0,0,5,2,2,0,1,0,0,0,0,0,0,0,0,13,30
31,ADC_LOCK,1,0,0,0,5,3,2,0,1,0,0,0,0,0,0,0,0,13,30
32,ADC_LOCK,1,0,0,0,5,2,2,0,1,0,0,0,0,0,0,0,0,13,29
33,ADC_LOCK,1,0,0,0,5,2,2,0,1,0,0,0,0,0,0,0,0,13,29
34,ADC_LOCK,1,0,0,0,5,3,2,0,1,0,0,0,0,0,0,0,0,13,29
35,ADC_LOCK,1,0,0,0,5,2,2,0,1,0,0,0,0,0,0,0,0,13,29
36,ADC_LOCK,1,0,0,0,5,2,2,0,1,0,0,0,0,0,0,0,0,13,29
37,ADC_LOCK,1,0,0,0,5,3,2,0,1,0,0,0,0,0,0,0,0,13,29
38,ADC_LOCK,1,0,0,0,5,2,2,0,1,0,0,0,0,0,0,0,0,13,30
39,ADC_LOCK_NOREX,1,0,0,0,5,3,2,0,1,0,0,0,0,0,0,0,0,13,30
40,ADC_LOCK_REX,1,0,0,0,5,3,2,0,1,0,0,0,0,0,0,0,0,13,30
41,ADC_NOREX,0,0,0,0,1,2,1,1,1,0,0,0,0,0,0,0,0,1,11
42,ADC_NOREX,0,0,0,0,0,1,0,0,0,0,0,0,0,0,0,0,0,1,1
43,ADC_NOREX,0,0,0,0,0,1,1,0,0,0,0,0,0,0,0,0,0,1,6
44,ADC_NOREX_10,0,0,0,0,0,1,0,0,0,0,0,0,0,0,0,0,0,1,1
45,ADC_NOREX_12,0,0,0,0,0,1,0,0,0,0,0,0,0,0,0,0,0,1,1
46,ADC_REX,0,0,0,0,1,2,1,1,1,0,0,0,0,0,0,0,0,1,12
47,ADC_REX,0,0,0,0,0,1,0,0,0,0,0,0,0,0,0,0,0,1,1
48,ADC_REX,0,0,0,0,0,1,1,0,0,0,0,0,0,0,0,0,0,1,6
49,ADC_REX_10,0,0,0,0,0,1,0,0,0,0,0,0,0,0,0,0,0,1,1
50,ADC_REX_12,0,0,0,0,0,1,0,0,0,0,0,0,0,0,0,0,0,1,1
51,ADD,0,0,0,0,1,0,0,0,0,0,0,0,0,0,0,0,0,1,1
52,ADD,0,0,0,0,1,0,0,0,0,0,0,0,0,0,0,0,0,1,1
53,ADD,0,0,0,0,1,0,0,0,0,0,0,0,0,0,0,0,0,1,1
54,ADD,0,0,0,0,1,0,1,1,1,0,0,0,0,0,0,0,0,3,11
55,ADD,0,0,0,0,1,0,1,1,1,0,0,0,0,0,0,0,0,3,11
56,ADD,0,0,0,0,1,0,1,1,1,0,0,0,0,0,0,0,0,1,11
57,ADD,0,0,0,0,1,0,1,1,1,0,0,0,0,0,0,0,0,3,10
58,ADD,0,0,0,0,1,0,1,1,1,0,0,0,0,0,0,0,0,3,10
59,ADD,0,0,0,0,1,0,1,1,1,0,0,0,0,0,0,0,0,1,10
60,ADD,0,0,0,0,1,0,1,1,1,0,0,0,0,0,0,0,0,3,10
61,ADD,0,0,0,0,1,0,1,1,1,0,0,0,0,0,0,0,0,3,10
62,ADD,0,0,0,0,1,0,1,1,1,0,0,0,0,0,0,0,0,1,10
63,ADD,0,0,0,0,1,0,1,1,1,0,0,0,0,0,0,0,0,3,11
64,ADD,0,0,0,0,1,0,0,0,0,0,0,0,0,0,0,0,0,1,1
65,ADD,0,0,0,0,1,0,0,0,0,0,0,0,0,0,0,0,0,1,1
66,ADD,0,0,0,0,1,0,1,0,0,0,0,0,0,0,0,0,0,1,6
67,ADD,0,0,0,0,1,0,0,0,0,0,0,0,0,0,0,0,0,1,1
68,ADD,0,0,0,0,1,0,0,0,0,0,0,0,0,0,0,0,0,1,1
69,ADD,0,0,0,0,1,0,1,0,0,0,0,0,0,0,0,0,0,1,6
70,ADD,0,0,0,0,1,0,0,0,0,0,0,0,0,0,0,0,0,1,1
71,ADD,0,0,0,0,1,0,0,0,0,0,0,0,0,0,0,0,0,1,1
72,ADD,0,0,0,0,1,0,1,0,0,0,0,0,0,0,0,0,0,1,6
73,ADD,0,0,0,0,1,0,0,0,0,0,0,0,0,0,0,0,0,1,1
74,ADD_01,0,0,0,0,1,0,0,0,0,0,0,0,0,0,0,0,0,1,1
75,ADD_01,0,0,0,0,1,0,0,0,0,0,0,0,0,0,0,0,0,1,1
76,ADD_01,0,0,0,0,1,0,0,0,0,0,0,0,0,0,0,0,0,1,1
77,ADD_03,0,0,0,0,1,0,0,0,0,0,0,0,0,0,0,0,0,1,1
78,ADD_03,0,0,0,0,1,0,0,0,0,0,0,0,0,0,0,0,0,1,1
79,ADD_03,0,0,0,0,1,0,0,0,0,0,0,0,0,0,0,0,0,1,1
80,ADD_LOCK,1,0,0,0,4,2,2,0,1,0,0,0,0,0,0,0,0,15,30
81,ADD_LOCK,1,0,0,0,4,2,2,0,1,0,0,0,0,0,0,0,0,15,30
82,ADD_LOCK,1,0,0,0,4,2,2,0,1,0,0,0,0,0,0,0,0,12,30
83,ADD_LOCK,1,0,0,0,4,2,2,0,1,0,0,0,0,0,0,0,0,15,32
84,ADD_LOCK,1,0,0,0,4,2,2,0,1,0,0,0,0,0,0,0,0,15,29
85,ADD_LOCK,1,0,0,0,4,2,2,0,1,0,0,0,0,0,0,0,0,12,29
86,ADD_LOCK,1,0,0,0,4,2,2,0,1,0,0,0,0,0,0,0,0,15,29
87,ADD_LOCK,1,0,0,0,4,2,2,0,1,0,0,0,0,0,0,0,0,15,29
88,ADD_LOCK,1,0,0,0,4,2,2,0,1,0,0,0,0,0,0,0,0,12,29
89,ADD_LOCK,1,0,0,0,4,2,2,0,1,0,0,0,0,0,0,0,0,15,30
90,ADD_LOCK_NOREX,1,0,0,0,4,2,2,0,1,0,0,0,0,0,0,0,0,12,30
91,ADD_LOCK_REX,1,0,0,0,4,2,2,0,1,0,0,0,0,0,0,0,0,12,30
92,ADD_NOREX,0,0,0,0,1,0,1,1,1,0,0,0,0,0,0,0,0,1,11
93,ADD_NOREX,0,0,0,0,1,0,0,0,0,0,0,0,0,0,0,0,0,1,1
94,ADD_NOREX,0,0,0,0,1,0,1,0,0,0,0,0,0,0,0,0,0,1,6
95,ADD_NOREX_00,0,0,0,0,1,0,0,0,0,0,0,0,0,0,0,0,0,1,1
96,ADD_NOREX_02,0,0,0,0,1,0,0,0,0,0,0,0,0,0,0,0,0,1,1
97,ADD_REX,0,0,0,0,1,0,1,1,1,0,0,0,0,0,0,0,0,1,11
98,ADD_REX,0,0,0,0,1,0,0,0,0,0,0,0,0,0,0,0,0,1,1
99,ADD_REX,0,0,0,0,1,0,1,0,0,0,0,0,0,0,0,0,0,1,6
100,ADD_REX_00,0,0,0,0,1,0,0,0,0,0,0,0,0,0,0,0,0,1,1
101,ADD_REX_02,0,0,0,0,1,0,0,0,0,0,0,0,0,0,0,0,0,1,1
102,AND,0,0,0,0,1,0,0,0,0,0,0,0,0,0,0,0,0,1,1
103,AND,0,0,0,0,1,0,0,0,0,0,0,0,0,0,0,0,0,1,1
104,AND,0,0,0,0,1,0,0,0,0,0,0,0,0,0,0,0,0,1,1
105,AND,0,0,0,0,1,0,1,1,1,0,0,0,0,0,0,0,0,3,11
106,AND,0,0,0,0,1,0,1,1,1,0,0,0,0,0,0,0,0,3,11
107,AND,0,0,0,0,1,0,1,1,1,0,0,0,0,0,0,0,0,1,11
108,AND,0,0,0,0,1,0,1,1,1,0,0,0,0,0,0,0,0,3,10
109,AND,0,0,0,0,1,0,1,1,1,0,0,0,0,0,0,0,0,3,10
110,AND,0,0,0,0,1,0,1,1,1,0,0,0,0,0,0,0,0,1,10
111,AND,0,0,0,0,1,0,1,1,1,0,0,0,0,0,0,0,0,3,10
112,AND,0,0,0,0,1,0,1,1,1,0,0,0,0,0,0,0,0,3,10
113,AND,0,0,0,0,1,0,1,1,1,0,0,0,0,0,0,0,0,1,10
114,AND,0,0,0,0,1,0,1,1,1,0,0,0,0,0,0,0,0,3,11
115,AND,0,0,0,0,1,0,0,0,0,0,0,0,0,0,0,0,0,1,1
116,AND,0,0,0,0,1,0,0,0,0,0,0,0,0,0,0,0,0,1,1
117,AND,0,0,0,0,1,0,1,0,0,0,0,0,0,0,0,0,0,1,6
118,AND,0,0,0,0,1,0,0,0,0,0,0,0,0,0,0,0,0,1,1
119,AND,0,0,0,0,1,0,0,0,0,0,0,0,0,0,0,0,0,1,1
120,AND,0,0,0,0,1,0,1,0,0,0,0,0,0,0,0,0,0,1,6
121,AND,0,0,0,0,1,0,0,0,0,0,0,0,0,0,0,0,0,1,1
122,AND,0,0,0,0,1,0,0,0,0,0,0,0,0,0,0,0,0,1,1
123,AND,0,0,0,0,1,0,1,0,0,0,0,0,0,0,0,0,0,1,6
124,AND,0,0,0,0,1,0,0,0,0,0,0,0,0,0,0,0,0,1,1
125,AND_21,0,0,0,0,1,0,0,0,0,0,0,0,0,0,0,0,0,1,1
126,AND_21,0,0,0,0,1,0,0,0,0,0,0,0,0,0,0,0,0,1,1
127,AND_21,0,0,0,0,1,0,0,0,0,0,0,0,0,0,0,0,0,1,1
128,AND_23,0,0,0,0,1,0,0,0,0,0,0,0,0,0,0,0,0,1,1
129,AND_23,0,0,0,0,1,0,0,0,0,0,0,0,0,0,0,0,0,1,1
130,AND_23,0,0,0,0,1,0,0,0,0,0,0,0,0,0,0,0,0,1,1
131,AND_LOCK,1,0,0,0,4,2,2,0,1,0,0,0,0,0,0,0,0,15,30
132,AND_LOCK,1,0,0,0,4,2,2,0,1,0,0,0,0,0,0,0,0,15,30
133,AND_LOCK,1,0,0,0,4,2,2,0,1,0,0,0,0,0,0,0,0,12,30
134,AND_LOCK,1,0,0,0,4,2,2,0,1,0,0,0,0,0,0,0,0,15,29
135,AND_LOCK,1,0,0,0,4,2,2,0,1,0,0,0,0,0,0,0,0,15,29
136,AND_LOCK,1,0,0,0,4,2,2,0,1,0,0,0,0,0,0,0,0,12,29
137,AND_LOCK,1,0,0,0,4,2,2,0,1,0,0,0,0,0,0,0,0,15,29
138,AND_LOCK,1,0,0,0,4,2,2,0,1,0,0,0,0,0,0,0,0,15,29
139,AND_LOCK,1,0,0,0,4,2,2,0,1,0,0,0,0,0,0,0,0,12,29
140,AND_LOCK,1,0,0,0,4,2,2,0,1,0,0,0,0,0,0,0,0,15,30
141,AND_LOCK_NOREX,1,0,0,0,4,2,2,0,1,0,0,0,0,0,0,0,0,12,30
142,AND_LOCK_REX,1,0,0,0,4,2,2,0,1,0,0,0,0,0,0,0,0,12,30
143,AND_NOREX,0,0,0,0,1,0,1,1,1,0,0,0,0,0,0,0,0,1,11
144,AND_NOREX,0,0,0,0,1,0,0,0,0,0,0,0,0,0,0,0,0,1,1
145,AND_NOREX,0,0,0,0,1,0,1,0,0,0,0,0,0,0,0,0,0,1,6
146,AND_NOREX_20,0,0,0,0,1,0,0,0,0,0,0,0,0,0,0,0,0,1,1
147,AND_NOREX_22,0,0,0,0,1,0,0,0,0,0,0,0,0,0,0,0,0,1,1
148,AND_REX,0,0,0,0,1,0,1,1,1,0,0,0,0,0,0,0,0,1,11
149,AND_REX,0,0,0,0,1,0,0,0,0,0,0,0,0,0,0,0,0,1,1
150,AND_REX,0,0,0,0,1,0,1,0,0,0,0,0,0,0,0,0,0,1,6
151,AND_REX_20,0,0,0,0,1,0,0,0,0,0,0,0,0,0,0,0,0,1,1
152,AND_REX_22,0,0,0,0,1,0,0,0,0,0,0,0,0,0,0,0,0,1,1
153,BSF,0,0,0,0,0,0,1,0,0,1,0,0,0,0,0,0,0,3,8
154,BSF,0,0,0,0,0,0,0,0,0,1,0,0,0,0,0,0,0,3,3
155,BSF,0,0,0,0,0,0,1,0,0,1,0,0,0,0,0,0,0,3,8
156,BSF,0,0,0,0,0,0,0,0,0,1,0,0,0,0,0,0,0,3,3
157,BSF,0,0,0,0,0,0,1,0,0,1,0,0,0,0,0,0,0,3,8
158,BSF,0,0,0,0,0,0,0,0,0,1,0,0,0,0,0,0,0,3,3
159,BSR,0,0,0,0,0,0,1,0,0,1,0,0,0,0,0,0,0,3,8
160,BSR,0,0,0,0,0,0,0,0,0,1,0,0,0,0,0,0,0,3,3
161,BSR,0,0,0,0,0,0,1,0,0,1,0,0,0,0,0,0,0,3,8
162,BSR,0,0,0,0,0,0,0,0,0,1,0,0,0,0,0,0,0,3,3
163,BSR,0,0,0,0,0,0,1,0,0,1,0,0,0,0,0,0,0,3,8
164,BSR,0,0,0,0,0,0,0,0,0,1,0,0,0,0,0,0,0,3,3
165,BSWAP,0,0,0,0,0,0,0,0,0,0,1,0,0,0,0,0,0,1,1
166,BSWAP,0,0,0,0,0,1,0,0,0,0,1,0,0,0,0,0,0,2,2
167,BT,0,0,0,0,0,1,1,0,0,0,0,0,0,0,0,0,0,3,6
168,BT,0,0,0,0,4,3,1,0,0,1,0,1,0,0,0,0,0,3,11
169,BT,0,0,0,0,0,1,1,0,0,0,0,0,0,0,0,0,0,3,6
170,BT,0,0,0,0,4,3,1,0,0,1,0,1,0,0,0,0,0,3,11
171,BT,0,0,0,0,0,1,1,0,0,0,0,0,0,0,0,0,0,3,6
172,BT,0,0,0,0,3,3,1,0,0,1,0,1,0,0,0,0,0,3,10
173,BT,0,0,0,0,0,1,0,0,0,0,0,0,0,0,0,0,0,1,1
174,BT,0,0,0,0,0,1,0,0,0,0,0,0,0,0,0,0,0,1,1
175,BT,0,0,0,0,0,1,0,0,0,0,0,0,0,0,0,0,0,1,1
176,BT,0,0,0,0,0,1,0,0,0,0,0,0,0,0,0,0,0,1,1
177,BT,0,0,0,0,0,1,0,0,0,0,0,0,0,0,0,0,0,1,1
178,BT,0,0,0,0,0,1,0,0,0,0,0,0,0,0,0,0,0,1,1
179,BTC,0,0,0,0,0,1,1,1,1,0,0,0,0,0,0,0,0,3,11
180,BTC,0,0,0,0,3,3,2,0,1,1,0,1,0,0,0,0,0,3,18
181,BTC,0,0,0,0,0,1,1,1,1,0,0,0,0,0,0,0,0,3,10
182,BTC,0,0,0,0,3,3,2,0,1,1,0,1,0,0,0,0,0,3,17
183,BTC,0,0,0,0,0,1,1,1,1,0,0,0,0,0,0,0,0,3,10
184,BTC,0,0,0,0,2,3,2,0,1,1,0,1,0,0,0,0,0,3,16
185,BTC,0,0,0,0,0,1,0,0,0,0,0,0,0,0,0,0,0,1,1
186,BTC,0,0,0,0,0,1,0,0,0,0,0,0,0,0,0,0,0,1,1
187,BTC,0,0,0,0,0,1,0,0,0,0,0,0,0,0,0,0,0,1,1
188,BTC,0,0,0,0,0,1,0,0,0,0,0,0,0,0,0,0,0,1,1
189,BTC,0,0,0,0,0,1,0,0,0,0,0,0,0,0,0,0,0,1,1
190,BTC,0,0,0,0,0,1,0,0,0,0,0,0,0,0,0,0,0,1,1
191,BTC_LOCK,1,0,0,0,2,4,2,0,1,0,0,0,0,0,0,0,0,15,30
192,BTC_LOCK,1,0,0,0,6,5,2,0,1,1,0,0,0,0,0,0,0,15,34
193,BTC_LOCK,1,0,0,0,3,3,2,0,1,0,0,0,0,0,0,0,0,15,27
194,BTC_LOCK,1,0,0,0,6,5,2,0,1,1,0,0,0,0,0,0,0,15,33
195,BTC_LOCK,1,0,0,0,3,3,2,0,1,0,0,0,0,0,0,0,0,15,29
196,BTC_LOCK,1,0,0,0,4,5,2,0,1,1,0,1,0,0,0,0,0,15,32
197,BTR,0,0,0,0,0,1,1,1,1,0,0,0,0,0,0,0,0,3,11
198,BTR,0,0,0,0,3,3,2,0,1,1,0,1,0,0,0,0,0,3,18
199,BTR,0,0,0,0,0,1,1,1,1,0,0,0,0,0,0,0,0,3,10
200,BTR,0,0,0,0,3,3,2,0,1,1,0,1,0,0,0,0,0,3,17
201,BTR,0,0,0,0,0,1,1,1,1,0,0,0,0,0,0,0,0,3,10
202,BTR,0,0,0,0,2,3,2,0,1,1,0,1,0,0,0,0,0,3,16
203,BTR,0,0,0,0,0,1,0,0,0,0,0,0,0,0,0,0,0,1,1
204,BTR,0,0,0,0,0,1,0,0,0,0,0,0,0,0,0,0,0,1,1
205,BTR,0,0,0,0,0,1,0,0,0,0,0,0,0,0,0,0,0,1,1
206,BTR,0,0,0,0,0,1,0,0,0,0,0,0,0,0,0,0,0,1,1
207,BTR,0,0,0,0,0,1,0,0,0,0,0,0,0,0,0,0,0,1,1
208,BTR,0,0,0,0,0,1,0,0,0,0,0,0,0,0,0,0,0,1,1
209,BTR_LOCK,1,0,0,0,3,3,2,0,1,0,0,0,0,0,0,0,0,15,30
210,BTR_LOCK,1,0,0,0,6,5,2,0,1,1,0,0,0,0,0,0,0,15,34
211,BTR_LOCK,1,0,0,0,3,3,2,0,1,0,0,0,0,0,0,0,0,15,29
212,BTR_LOCK,1,0,0,0,6,5,2,0,1,1,0,0,0,0,0,0,0,15,33
213,BTR_LOCK,1,0,0,0,3,3,2,0,1,0,0,0,0,0,0,0,0,15,29
214,BTR_LOCK,1,0,0,0,4,5,2,0,1,1,0,1,0,0,0,0,0,15,32
215,BTS,0,0,0,0,0,1,1,1,1,0,0,0,0,0,0,0,0,3,11
216,BTS,0,0,0,0,3,3,2,0,1,1,0,1,0,0,0,0,0,3,18
217,BTS,0,0,0,0,0,1,1,1,1,0,0,0,0,0,0,0,0,3,10
218,BTS,0,0,0,0,3,3,2,0,1,1,0,1,0,0,0,0,0,3,17
219,BTS,0,0,0,0,0,1,1,1,1,0,0,0,0,0,0,0,0,3,10
220,BTS,0,0,0,0,2,3,2,0,1,1,0,1,0,0,0,0,0,3,16
221,BTS,0,0,0,0,0,1,0,0,0,0,0,0,0,0,0,0,0,1,1
222,BTS,0,0,0,0,0,1,0,0,0,0,0,0,0,0,0,0,0,1,1
223,BTS,0,0,0,0,0,1,0,0,0,0,0,0,0,0,0,0,0,1,1
224,BTS,0,0,0,0,0,1,0,0,0,0,0,0,0,0,0,0,0,1,1
225,BTS,0,0,0,0,0,1,0,0,0,0,0,0,0,0,0,0,0,1,1
226,BTS,0,0,0,0,0,1,0,0,0,0,0,0,0,0,0,0,0,1,1
227,BTS_LOCK,1,0,0,0,3,3,2,0,1,0,0,0,0,0,0,0,0,15,30
228,BTS_LOCK,1,0,0,0,6,5,2,0,1,1,0,0,0,0,0,0,0,15,34
229,BTS_LOCK,1,0,0,0,3,3,2,0,1,0,0,0,0,0,0,0,0,15,29
230,BTS_LOCK,1,0,0,0,6,5,2,0,1,1,0,0,0,0,0,0,0,15,33
231,BTS_LOCK,1,0,0,0,3,3,2,0,1,0,0,0,0,0,0,0,0,15,33
232,BTS_LOCK,1,0,0,0,4,5,2,0,1,1,0,1,0,0,0,0,0,15,32
233,CBW,0,0,0,0,1,0,0,0,0,0,0,0,0,0,0,0,0,1,1
234,CDQ,0,0,0,0,0,1,0,0,0,0,0,0,0,0,0,0,0,1,1
235,CMC,0,0,0,0,1,0,0,0,0,0,0,0,0,0,0,0,0,1,1
236,CMOVB,0,0,0,0,0,1,1,0,0,0,0,0,0,0,0,0,0,1,6
237,CMOVB,0,0,0,0,0,1,0,0,0,0,0,0,0,0,0,0,0,1,1
238,CMOVB,0,0,0,0,0,1,1,0,0,0,0,0,0,0,0,0,0,1,6
239,CMOVB,0,0,0,0,0,1,0,0,0,0,0,0,0,0,0,0,0,1,1
240,CMOVB,0,0,0,0,0,1,1,0,0,0,0,0,0,0,0,0,0,1,6
241,CMOVB,0,0,0,0,0,1,0,0,0,0,0,0,0,0,0,0,0,1,1
242,CMOVBE,0,0,0,0,0,2,1,0,0,0,0,0,0,0,0,0,0,1,6
243,CMOVBE,0,0,0,0,0,2,0,0,0,0,0,0,0,0,0,0,0,1,2
244,CMOVBE,0,0,0,0,0,2,1,0,0,0,0,0,0,0,0,0,0,1,6
245,CMOVBE,0,0,0,0,0,2,0,0,0,0,0,0,0,0,0,0,0,1,2
246,CMOVBE,0,0,0,0,0,2,1,0,0,0,0,0,0,0,0,0,0,1,6
247,CMOVBE,0,0,0,0,0,2,0,0,0,0,0,0,0,0,0,0,0,1,2
248,CMOVL,0,0,0,0,0,1,1,0,0,0,0,0,0,0,0,0,0,1,6
249,CMOVL,0,0,0,0,0,1,0,0,0,0,0,0,0,0,0,0,0,1,1
250,CMOVL,0,0,0,0,0,1,1,0,0,0,0,0,0,0,0,0,0,1,6
251,CMOVL,0,0,0,0,0,1,0,0,0,0,0,0,0,0,0,0,0,1,1
252,CMOVL,0,0,0,0,0,1,1,0,0,0,0,0,0,0,0,0,0,1,6
253,CMOVL,0,0,0,0,0,1,0,0,0,0,0,0,0,0,0,0,0,1,1
254,CMOVLE,0,0,0,0,0,1,1,0,0,0,0,0,0,0,0,0,0,1,6
255,CMOVLE,0,0,0,0,0,1,0,0,0,0,0,0,0,0,0,0,0,1,1
256,CMOVLE,0,0,0,0,0,1,1,0,0,0,0,0,0,0,0,0,0,1,6
257,CMOVLE,0,0,0,0,0,1,0,0,0,0,0,0,0,0,0,0,0,1,1
258,CMOVLE,0,0,0,0,0,1,1,0,0,0,0,0,0,0,0,0,0,1,6
259,CMOVLE,0,0,0,0,0,1,0,0,0,0,0,0,0,0,0,0,0,1,1
260,CMOVNB,0,0,0,0,0,1,1,0,0,0,0,0,0,0,0,0,0,1,6
261,CMOVNB,0,0,0,0,0,1,0,0,0,0,0,0,0,0,0,0,0,1,1
262,CMOVNB,0,0,0,0,0,1,1,0,0,0,0,0,0,0,0,0,0,1,6
263,CMOVNB,0,0,0,0,0,1,0,0,0,0,0,0,0,0,0,0,0,1,1
264,CMOVNB,0,0,0,0,0,1,1,0,0,0,0,0,0,0,0,0,0,1,6
265,CMOVNB,0,0,0,0,0,1,0,0,0,0,0,0,0,0,0,0,0,1,1
266,CMOVNBE,0,0,0,0,0,2,1,0,0,0,0,0,0,0,0,0,0,1,6
267,CMOVNBE,0,0,0,0,0,2,0,0,0,0,0,0,0,0,0,0,0,1,2
268,CMOVNBE,0,0,0,0,0,2,1,0,0,0,0,0,0,0,0,0,0,1,6
269,CMOVNBE,0,0,0,0,0,2,0,0,0,0,0,0,0,0,0,0,0,1,2
270,CMOVNBE,0,0,0,0,0,2,1,0,0,0,0,0,0,0,0,0,0,1,6
271,CMOVNBE,0,0,0,0,0,2,0,0,0,0,0,0,0,0,0,0,0,1,2
272,CMOVNL,0,0,0,0,0,1,1,0,0,0,0,0,0,0,0,0,0,1,6
273,CMOVNL,0,0,0,0,0,1,0,0,0,0,0,0,0,0,0,0,0,1,1
274,CMOVNL,0,0,0,0,0,1,1,0,0,0,0,0,0,0,0,0,0,1,6
275,CMOVNL,0,0,0,0,0,1,0,0,0,0,0,0,0,0,0,0,0,1,1
276,CMOVNL,0,0,0,0,0,1,1,0,0,0,0,0,0,0,0,0,0,1,6
277,CMOVNL,0,0,0,0,0,1,0,0,0,0,0,0,0,0,0,0,0,1,1
278,CMOVNLE,0,0,0,0,0,1,1,0,0,0,0,0,0,0,0,0,0,1,6
279,CMOVNLE,0,0,0,0,0,1,0,0,0,0,0,0,0,0,0,0,0,1,1
280,CMOVNLE,0,0,0,0,0,1,1,0,0,0,0,0,0,0,0,0,0,1,6
281,CMOVNLE,0,0,0,0,0,1,0,0,0,0,0,0,0,0,0,0,0,1,1
282,CMOVNLE,0,0,0,0,0,1,1,0,0,0,0,0,0,0,0,0,0,1,6
283,CMOVNLE,0,0,0,0,0,1,0,0,0,0,0,0,0,0,0,0,0,1,1
284,CMOVNO,0,0,0,0,0,1,1,0,0,0,0,0,0,0,0,0,0,1,6
285,CMOVNO,0,0,0,0,0,1,0,0,0,0,0,0,0,0,0,0,0,1,1
286,CMOVNO,0,0,0,0,0,1,1,0,0,0,0,0,0,0,0,0,0,1,6
287,CMOVNO,0,0,0,0,0,1,0,0,0,0,0,0,0,0,0,0,0,1,1
288,CMOVNO,0,0,0,0,0,1,1,0,0,0,0,0,0,0,0,0,0,1,6
289,CMOVNO,0,0,0,0,0,1,0,0,0,0,0,0,0,0,0,0,0,1,1
290,CMOVNP,0,0,0,0,0,1,1,0,0,0,0,0,0,0,0,0,0,1,6
291,CMOVNP,0,0,0,0,0,1,0,0,0,0,0,0,0,0,0,0,0,1,1
292,CMOVNP,0,0,0,0,0,1,1,0,0,0,0,0,0,0,0,0,0,1,6
293,CMOVNP,0,0,0,0,0,1,0,0,0,0,0,0,0,0,0,0,0,1,1
294,CMOVNP,0,0,0,0,0,1,1,0,0,0,0,0,0,0,0,0,0,1,6
295,CMOVNP,0,0,0,0,0,1,0,0,0,0,0,0,0,0,0,0,0,1,1
296,CMOVNS,0,0,0,0,0,1,1,0,0,0,0,0,0,0,0,0,0,1,6
297,CMOVNS,0,0,0,0,0,1,0,0,0,0,0,0,0,0,0,0,0,1,1
298,CMOVNS,0,0,0,0,0,1,1,0,0,0,0,0,0,0,0,0,0,1,6
299,CMOVNS,0,0,0,0,0,1,0,0,0,0,0,0,0,0,0,0,0,1,1
300,CMOVNS,0,0,0,0,0,1,1,0,0,0,0,0,0,0,0,0,0,1,6
301,CMOVNS,0,0,0,0,0,1,0,0,0,0,0,0,0,0,0,0,0,1,1
302,CMOVNZ,0,0,0,0,0,1,1,0,0,0,0,0,0,0,0,0,0,1,6
303,CMOVNZ,0,0,0,0,0,1,0,0,0,0,0,0,0,0,0,0,0,1,1
304,CMOVNZ,0,0,0,0,0,1,1,0,0,0,0,0,0,0,0,0,0,1,6
305,CMOVNZ,0,0,0,0,0,1,0,0,0,0,0,0,0,0,0,0,0,1,1
306,CMOVNZ,0,0,0,0,0,1,1,0,0,0,0,0,0,0,0,0,0,1,6
307,CMOVNZ,0,0,0,0,0,1,0,0,0,0,0,0,0,0,0,0,0,1,1
308,CMOVO,0,0,0,0,0,1,1,0,0,0,0,0,0,0,0,0,0,1,6
309,CMOVO,0,0,0,0,0,1,0,0,0,0,0,0,0,0,0,0,0,1,1
310,CMOVO,0,0,0,0,0,1,1,0,0,0,0,0,0,0,0,0,0,1,6
311,CMOVO,0,0,0,0,0,1,0,0,0,0,0,0,0,0,0,0,0,1,1
312,CMOVO,0,0,0,0,0,1,1,0,0,0,0,0,0,0,0,0,0,1,6
313,CMOVO,0,0,0,0,0,1,0,0,0,0,0,0,0,0,0,0,0,1,1
314,CMOVP,0,0,0,0,0,1,1,0,0,0,0,0,0,0,0,0,0,1,6
315,CMOVP,0,0,0,0,0,1,0,0,0,0,0,0,0,0,0,0,0,1,1
316,CMOVP,0,0,0,0,0,1,1,0,0,0,0,0,0,0,0,0,0,1,6
317,CMOVP,0,0,0,0,0,1,0,0,0,0,0,0,0,0,0,0,0,1,1
318,CMOVP,0,0,0,0,0,1,1,0,0,0,0,0,0,0,0,0,0,1,6
319,CMOVP,0,0,0,0,0,1,0,0,0,0,0,0,0,0,0,0,0,1,1
320,CMOVS,0,0,0,0,0,1,1,0,0,0,0,0,0,0,0,0,0,1,6
321,CMOVS,0,0,0,0,0,1,0,0,0,0,0,0,0,0,0,0,0,1,1
322,CMOVS,0,0,0,0,0,1,1,0,0,0,0,0,0,0,0,0,0,1,6
323,CMOVS,0,0,0,0,0,1,0,0,0,0,0,0,0,0,0,0,0,1,1
324,CMOVS,0,0,0,0,0,1,1,0,0,0,0,0,0,0,0,0,0,1,6
325,CMOVS,0,0,0,0,0,1,0,0,0,0,0,0,0,0,0,0,0,1,1
326,CMOVZ,0,0,0,0,0,1,1,0,0,0,0,0,0,0,0,0,0,1,6
327,CMOVZ,0,0,0,0,0,1,0,0,0,0,0,0,0,0,0,0,0,1,1
328,CMOVZ,0,0,0,0,0,1,1,0,0,0,0,0,0,0,0,0,0,1,6
329,CMOVZ,0,0,0,0,0,1,0,0,0,0,0,0,0,0,0,0,0,1,1
330,CMOVZ,0,0,0,0,0,1,1,0,0,0,0,0,0,0,0,0,0,1,6
331,CMOVZ,0,0,0,0,0,1,0,0,0,0,0,0,0,0,0,0,0,1,1
332,CMP,0,0,0,0,1,0,0,0,0,0,0,0,0,0,0,0,0,1,1
333,CMP,0,0,0,0,1,0,0,0,0,0,0,0,0,0,0,0,0,1,1
334,CMP,0,0,0,0,1,0,0,0,0,0,0,0,0,0,0,0,0,1,1
335,CMP,0,0,0,0,1,0,1,0,0,0,0,0,0,0,0,0,0,3,6
336,CMP,0,0,0,0,1,0,1,0,0,0,0,0,0,0,0,0,0,3,6
337,CMP,0,0,0,0,1,0,1,0,0,0,0,0,0,0,0,0,0,1,6
338,CMP,0,0,0,0,1,0,1,0,0,0,0,0,0,0,0,0,0,3,6
339,CMP,0,0,0,0,1,0,1,0,0,0,0,0,0,0,0,0,0,3,6
340,CMP,0,0,0,0,1,0,1,0,0,0,0,0,0,0,0,0,0,1,6
341,CMP,0,0,0,0,1,0,1,0,0,0,0,0,0,0,0,0,0,3,6
342,CMP,0,0,0,0,1,0,1,0,0,0,0,0,0,0,0,0,0,3,6
343,CMP,0,0,0,0,1,0,1,0,0,0,0,0,0,0,0,0,0,1,6
344,CMP,0,0,0,0,1,0,1,0,0,0,0,0,0,0,0,0,0,3,6
345,CMP,0,0,0,0,1,0,0,0,0,0,0,0,0,0,0,0,0,1,1
346,CMP,0,0,0,0,1,0,0,0,0,0,0,0,0,0,0,0,0,1,1
347,CMP,0,0,0,0,1,0,1,0,0,0,0,0,0,0,0,0,0,1,6
348,CMP,0,0,0,0,1,0,0,0,0,0,0,0,0,0,0,0,0,1,1
349,CMP,0,0,0,0,1,0,0,0,0,0,0,0,0,0,0,0,0,1,1
350,CMP,0,0,0,0,1,0,1,0,0,0,0,0,0,0,0,0,0,1,6
351,CMP,0,0,0,0,1,0,0,0,0,0,0,0,0,0,0,0,0,1,1
352,CMP,0,0,0,0,1,0,0,0,0,0,0,0,0,0,0,0,0,1,1
353,CMP,0,0,0,0,1,0,1,0,0,0,0,0,0,0,0,0,0,1,6
354,CMP,0,0,0,0,1,0,0,0,0,0,0,0,0,0,0,0,0,1,1
355,CMP_39,0,0,0,0,1,0,0,0,0,0,0,0,0,0,0,0,0,1,1
356,CMP_39,0,0,0,0,1,0,0,0,0,0,0,0,0,0,0,0,0,1,1
357,CMP_39,0,0,0,0,1,0,0,0,0,0,0,0,0,0,0,0,0,1,1
358,CMP_3B,0,0,0,0,1,0,0,0,0,0,0,0,0,0,0,0,0,1,1
359,CMP_3B,0,0,0,0,1,0,0,0,0,0,0,0,0,0,0,0,0,1,1
360,CMP_3B,0,0,0,0,1,0,0,0,0,0,0,0,0,0,0,0,0,1,1
361,CMP_NOREX,0,0,0,0,1,0,1,0,0,0,0,0,0,0,0,0,0,1,6
362,CMP_NOREX,0,0,0,0,1,0,0,0,0,0,0,0,0,0,0,0,0,1,1
363,CMP_NOREX,0,0,0,0,1,0,1,0,0,0,0,0,0,0,0,0,0,1,6
364,CMP_NOREX_38,0,0,0,0,1,0,0,0,0,0,0,0,0,0,0,0,0,1,1
365,CMP_NOREX_3A,0,0,0,0,1,0,0,0,0,0,0,0,0,0,0,0,0,1,1
366,CMP_REX,0,0,0,0,1,0,1,0,0,0,0,0,0,0,0,0,0,1,6
367,CMP_REX,0,0,0,0,1,0,0,0,0,0,0,0,0,0,0,0,0,1,1
368,CMP_REX,0,0,0,0,1,0,1,0,0,0,0,0,0,0,0,0,0,1,6
369,CMP_REX_38,0,0,0,0,1,0,0,0,0,0,0,0,0,0,0,0,0,1,1
370,CMP_REX_3A,0,0,0,0,1,0,0,0,0,0,0,0,0,0,0,0,0,1,1
371,CMPSB,0,0,0,0,3,0,2,0,0,0,0,0,0,0,0,0,0,3,6
372,CMPSD,0,0,0,0,3,0,2,0,0,0,0,0,0,0,0,0,0,3,6
373,CMPSW,0,0,0,0,3,0,2,0,0,0,0,0,0,0,0,0,0,3,6
374,CMPXCHG,0,0,0,0,1,2,1,1,1,0,0,0,0,0,0,0,0,0,11
375,CMPXCHG,0,0,0,0,1,2,1,1,1,0,0,0,0,0,0,0,0,0,10
376,CMPXCHG,0,0,0,0,1,2,1,1,1,0,0,0,0,0,0,0,0,0,10
377,CMPXCHG,0,0,0,0,3,2,0,0,0,0,0,0,0,0,0,0,0,0,4
378,CMPXCHG,0,0,0,0,3,2,0,0,0,0,0,0,0,0,0,0,0,0,4
379,CMPXCHG,0,0,0,0,3,2,0,0,0,0,0,0,0,0,0,0,0,0,4
380,CMPXCHG8B,0,0,0,0,2,7,2,0,1,0,2,2,0,0,0,0,0,0,19
381,CMPXCHG8B_LOCK,1,0,0,0,0,8,2,0,1,0,2,10,0,0,0,0,0,14,30
382,CMPXCHG_LOCK,1,0,0,0,4,4,2,0,1,0,0,1,0,0,0,0,0,12,30
383,CMPXCHG_LOCK,1,0,0,0,4,4,2,0,1,0,0,1,0,0,0,0,0,12,29
384,CMPXCHG_LOCK,1,0,0,0,4,4,2,0,1,0,0,1,0,0,0,0,0,12,29
385,CMPXCHG_LOCK_NOREX,1,0,0,0,4,4,2,0,1,0,0,1,0,0,0,0,0,13,30
386,CMPXCHG_LOCK_REX,1,0,0,0,4,4,2,0,1,0,0,1,0,0,0,0,0,12,30
387,CMPXCHG_NOREX,0,0,0,0,1,2,1,1,1,0,0,0,0,0,0,0,0,0,10
388,CMPXCHG_NOREX,0,0,0,0,3,2,0,0,0,0,0,0,0,0,0,0,0,0,4
389,CMPXCHG_REX,0,0,0,0,1,2,1,1,1,0,0,0,0,0,0,0,0,0,11
390,CMPXCHG_REX,0,0,0,0,3,2,0,0,0,0,0,0,0,0,0,0,0,0,4
391,CWD,0,0,0,0,1,1,0,0,0,0,0,0,0,0,0,0,0,2,2
392,CWDE,0,0,0,0,1,0,0,0,0,0,0,0,0,0,0,0,0,1,1
393,DEC,0,0,0,0,1,0,1,1,1,0,0,0,0,0,0,0,0,3,11
394,DEC,0,0,0,0,1,0,1,1,1,0,0,0,0,0,0,0,0,3,10
395,DEC,0,0,0,0,1,0,1,1,1,0,0,0,0,0,0,0,0,3,10
396,DEC,0,0,0,0,1,0,1,1,1,0,0,0,0,0,0,0,0,3,11
397,DEC,0,0,0,0,1,0,0,0,0,0,0,0,0,0,0,0,0,1,1
398,DEC,0,0,0,0,1,0,0,0,0,0,0,0,0,0,0,0,0,1,1
399,DEC,0,0,0,0,1,0,0,0,0,0,0,0,0,0,0,0,0,1,1
400,DEC_LOCK,1,0,0,0,4,2,2,0,1,0,0,0,0,0,0,0,0,13,30
401,DEC_LOCK,1,0,0,0,4,2,2,0,1,0,0,0,0,0,0,0,0,15,29
402,DEC_LOCK,1,0,0,0,4,2,2,0,1,0,0,0,0,0,0,0,0,15,29
403,DEC_LOCK,1,0,0,0,4,2,2,0,1,0,0,0,0,0,0,0,0,15,30
404,DEC_NOREX,0,0,0,0,1,0,0,0,0,0,0,0,0,0,0,0,0,1,1
405,DEC_REX,0,0,0,0,1,0,0,0,0,0,0,0,0,0,0,0,0,1,1
406,DIV,0,0,0,0,4,1,1,0,0,0,1,0,4,2,0,0,0,21,30
407,DIV,0,0,0,0,4,1,1,0,0,0,1,0,4,2,0,0,0,23,34
408,DIV,0,0,0,0,6,13,1,0,0,1,0,8,3,2,1,0,0,6,95
409,DIV,0,0,0,0,3,1,1,0,0,0,1,0,4,2,0,0,0,21,30
410,DIV,0,0,0,0,4,1,0,0,0,0,1,0,4,2,0,0,0,21,24
411,DIV,0,0,0,0,4,1,0,0,0,0,1,0,4,2,0,0,0,23,28
412,DIV,0,0,0,0,7,13,0,0,0,1,1,7,3,2,1,0,0,6,89
413,DIV_NOREX,0,0,0,0,4,1,0,0,0,0,1,0,4,2,0,0,0,21,25
414,DIV_REX,0,0,0,0,4,1,0,0,0,0,1,0,4,2,0,0,0,21,25
415,ENTER,0,0,4,0,4,2,2,0,1,0,0,3,0,0,0,0,0,104,104
416,ENTER_W,0,0,4,0,4,2,2,0,1,0,0,3,0,0,0,0,0,93,93
417,IDIV,0,0,0,0,4,1,1,0,0,0,1,0,4,2,0,0,0,21,30
418,IDIV,0,0,0,0,4,1,1,0,0,0,1,0,4,2,0,0,0,23,34
419,IDIV,0,0,0,0,0,27,1,0,0,1,4,8,3,2,6,6,0,37,101
420,IDIV,0,0,0,0,3,1,1,0,0,0,1,0,4,2,0,0,0,21,30
421,IDIV,0,0,0,0,4,1,0,0,0,0,1,0,4,2,0,0,0,21,24
422,IDIV,0,0,0,0,4,1,0,0,0,0,1,0,4,2,0,0,0,23,28
423,IDIV,0,0,0,0,0,27,0,0,0,1,5,8,3,2,6,5,0,37,96
424,IDIV_NOREX,0,0,0,0,5,1,0,0,0,0,1,0,4,2,0,0,0,22,25
425,IDIV_REX,0,0,0,0,5,1,0,0,0,0,1,0,4,2,0,0,0,22,25
426,IMUL,0,0,0,0,2,1,1,0,0,1,0,0,0,0,0,0,0,4,10
427,IMUL,0,0,0,0,1,1,1,0,0,1,0,0,0,0,0,0,0,4,9
428,IMUL,0,0,0,0,0,0,1,0,0,1,0,0,1,0,0,0,0,3,9
429,IMUL,0,0,0,0,0,0,1,0,0,1,0,0,0,0,0,0,0,3,8
430,IMUL,0,0,0,0,2,1,0,0,0,1,0,0,0,0,0,0,0,4,5
431,IMUL,0,0,0,0,0,0,1,0,0,1,0,0,0,0,0,0,0,3,8
432,IMUL,0,0,0,0,1,0,1,0,0,1,0,0,0,0,0,0,0,5,9
433,IMUL,0,0,0,0,1,0,1,0,0,1,0,0,0,0,0,0,0,5,9
434,IMUL,0,0,0,0,0,0,0,0,0,1,0,0,0,0,0,0,0,3,3
435,IMUL,0,0,0,0,1,1,0,0,0,1,0,0,0,0,0,0,0,4,4
436,IMUL,0,0,0,0,0,0,1,0,0,1,0,0,0,0,0,0,0,3,8
437,IMUL,0,0,0,0,0,0,1,0,0,1,0,0,0,0,0,0,0,5,8
438,IMUL,0,0,0,0,0,0,1,0,0,1,0,0,0,0,0,0,0,5,8
439,IMUL,0,0,0,0,0,0,0,0,0,1,0,0,0,0,0,0,0,3,3
440,IMUL,0,0,0,0,0,0,0,0,0,1,0,0,1,0,0,0,0,3,4
441,IMUL,0,0,0,0,0,0,1,0,0,1,0,0,0,0,0,0,0,3,8
442,IMUL,0,0,0,0,0,0,1,0,0,1,0,0,0,0,0,0,0,5,8
443,IMUL,0,0,0,0,0,0,1,0,0,1,0,0,0,0,0,0,0,5,8
444,IMUL,0,0,0,0,0,0,0,0,0,1,0,0,0,0,0,0,0,3,3
445,IMUL_IMMB,0,0,0,0,1,0,0,0,0,1,0,0,0,0,0,0,0,3,4
446,IMUL_IMMB,0,0,0,0,0,0,0,0,0,1,0,0,0,0,0,0,0,3,3
447,IMUL_IMMB,0,0,0,0,0,0,0,0,0,1,0,0,0,0,0,0,0,3,3
448,IMUL_IMMZ,0,0,0,0,1,0,0,0,0,1,0,0,0,0,0,0,0,3,4
449,IMUL_IMMZ,0,0,0,0,0,0,0,0,0,1,0,0,0,0,0,0,0,3,3
450,IMUL_IMMZ,0,0,0,0,0,0,0,0,0,1,0,0,0,0,0,0,0,3,3
451,IMUL_NOREX,0,0,0,0,0,0,0,0,0,1,0,0,0,0,0,0,0,3,3
452,IMUL_REX,0,0,0,0,0,0,0,0,0,1,0,0,0,0,0,0,0,3,3
453,INC,0,0,0,0,1,0,1,1,1,0,0,0,0,0,0,0,0,3,11
454,INC,0,0,0,0,1,0,1,1,1,0,0,0,0,0,0,0,0,3,10
455,INC,0,0,0,0,1,0,1,1,1,0,0,0,0,0,0,0,0,3,10
456,INC,0,0,0,0,1,0,1,1,1,0,0,0,0,0,0,0,0,3,11
457,INC,0,0,0,0,1,0,0,0,0,0,0,0,0,0,0,0,0,1,1
458,INC,0,0,0,0,1,0,0,0,0,0,0,0,0,0,0,0,0,1,1
459,INC,0,0,0,0,1,0,0,0,0,0,0,0,0,0,0,0,0,1,1
460,INC_LOCK,1,0,0,0,4,2,2,0,1,0,0,0,0,0,0,0,0,15,30
461,INC_LOCK,1,0,0,0,4,2,2,0,1,0,0,0,0,0,0,0,0,13,29
462,INC_LOCK,1,0,0,0,4,2,2,0,1,0,0,0,0,0,0,0,0,15,29
463,INC_LOCK,1,0,0,0,4,2,2,0,1,0,0,0,0,0,0,0,0,15,30
464,INC_NOREX,0,0,0,0,1,0,0,0,0,0,0,0,0,0,0,0,0,1,1
465,INC_REX,0,0,0,0,1,0,0,0,0,0,0,0,0,0,0,0,0,1,1
466,LAR,0,0,1,0,0,12,3,0,0,3,0,6,0,1,0,0,0,38,63
467,LAR,0,0,1,0,1,11,2,0,0,3,0,6,0,1,0,0,0,37,57
468,LAR,0,0,1,0,0,12,3,0,0,3,0,6,0,1,0,0,0,38,63
469,LAR,0,0,1,0,1,11,2,0,0,3,0,6,0,1,0,0,0,37,56
470,LAR,0,0,1,0,0,12,3,0,0,3,0,6,0,1,0,0,0,38,63
471,LAR,0,0,1,0,1,11,2,0,0,3,0,6,0,1,0,0,0,37,56
472,LODSB,0,0,0,0,2,0,1,0,0,0,0,0,0,0,0,0,0,3,6
473,LODSD,0,0,0,0,1,0,1,0,0,0,0,0,0,0,0,0,0,2,5
474,LODSW,0,0,0,0,2,0,1,0,0,0,0,0,0,0,0,0,0,3,6
475,LOOP,0,0,0,0,3,4,0,0,0,1,0,0,0,0,0,0,0,2,2
476,LOOPE,0,0,0,0,4,6,0,0,0,1,0,1,0,0,0,0,0,2,3
477,LOOPNE,0,0,0,0,4,6,0,0,0,1,0,1,0,0,0,0,0,2,3
478,LSL,0,0,1,0,0,7,3,0,0,3,0,0,0,1,0,0,0,37,61
479,LSL,0,0,1,0,3,6,2,0,0,3,0,1,0,1,0,0,0,35,55
480,LSL,0,0,1,0,0,7,3,0,0,3,0,0,0,1,0,0,0,39,61
481,LSL,0,0,1,0,3,6,2,0,0,3,0,1,0,1,0,0,0,36,54
482,LSL,0,0,1,0,0,7,3,0,0,3,0,0,0,1,0,0,0,39,60
483,LSL,0,0,1,0,3,6,2,0,0,3,0,1,0,1,0,0,0,35,54
484,MOV,0,0,0,0,1,0,1,0,0,0,0,0,0,0,0,0,0,3,6
485,MOV,0,0,0,0,1,0,1,0,0,0,0,0,0,0,0,0,0,3,6
486,MOV,0,0,0,0,0,0,1,0,0,0,0,0,0,0,0,0,0,2,5
487,MOV,0,0,0,0,0,0,0,1,1,0,0,0,0,0,0,0,0,3,11
488,MOV,0,0,0,0,0,0,0,1,1,0,0,0,0,0,0,0,0,11,11
489,MOV,0,0,0,0,0,0,0,1,1,0,0,0,0,0,0,0,0,3,11
490,MOV,0,0,0,0,0,0,0,1,1,1,0,0,0,0,0,0,0,11,11
491,MOV,0,0,0,0,0,0,0,1,1,0,0,0,0,0,0,0,0,2,10
492,MOV,0,0,0,0,0,0,0,1,1,0,0,0,0,0,0,0,0,10,10
493,MOV,0,0,0,0,0,0,0,1,1,0,0,0,0,0,0,0,0,2,10
494,MOV,0,0,0,0,0,0,0,1,1,0,0,0,0,0,0,0,0,10,10
495,MOV,0,0,0,0,0,0,0,1,1,0,0,0,0,0,0,0,0,2,10
496,MOV,0,0,0,0,0,0,0,1,1,0,0,0,0,0,0,0,0,2,10
497,MOV,0,0,0,0,0,0,0,1,1,0,0,0,0,0,0,0,0,3,11
498,MOV,0,0,0,0,0,0,0,1,1,0,0,0,0,0,0,0,0,11,11
499,MOV,0,0,0,0,1,0,1,0,0,0,0,0,0,0,0,0,0,3,6
500,MOV,0,0,0,0,0,0,1,0,0,0,0,0,0,0,0,0,0,2,5
501,MOV,0,0,0,0,0,0,1,0,0,0,0,0,0,0,0,0,0,2,5
502,MOV,0,0,0,0,0,0,1,0,0,0,0,0,0,0,0,0,0,2,5
503,MOV_89,0,0,0,0,1,0,0,0,0,0,0,0,0,0,0,0,0,1,1
504,MOV_89,0,0,0,0,0,0,0,0,0,0,0,0,0,0,0,0,0,0,1
505,MOV_89,0,0,0,0,0,0,0,0,0,0,0,0,0,0,0,0,0,0,1
506,MOV_8B,0,0,0,0,1,0,0,0,0,0,0,0,0,0,0,0,0,1,1
507,MOV_8B,0,0,0,0,0,0,0,0,0,0,0,0,0,0,0,0,0,0,1
508,MOV_8B,0,0,0,0,0,0,0,0,0,0,0,0,0,0,0,0,0,0,1
509,MOV_DR,0,0,6,0,0,24,0,0,2,4,1,10,9,4,0,1,0,207,207
510,MOV_DR,0,0,6,0,0,16,0,0,0,0,0,11,3,0,2,0,0,172,172
511,MOV_NOREX,0,0,0,0,0,0,0,1,1,0,0,0,0,0,0,0,0,3,11
512,MOV_NOREX,0,0,0,0,1,0,1,0,0,0,0,0,0,0,0,0,0,3,6
513,MOV_NOREX_88,0,0,0,0,1,0,0,0,0,0,0,0,0,0,0,0,0,1,1
514,MOV_NOREX_8A,0,0,0,0,1,0,0,0,0,0,0,0,0,0,0,0,0,1,1
515,MOV_REX,0,0,0,0,0,0,0,1,1,0,0,0,0,0,0,0,0,3,11
516,MOV_REX,0,0,0,0,1,0,1,0,0,0,0,0,0,0,0,0,0,3,6
517,MOV_REX_88,0,0,0,0,1,0,0,0,0,0,0,0,0,0,0,0,0,1,1
518,MOV_REX_8A,0,0,0,0,1,0,0,0,0,0,0,0,0,0,0,0,0,1,1
519,MOVSB,0,0,0,0,2,0,2,0,1,0,0,0,0,0,0,0,0,6,6
520,MOVSD,0,0,0,0,2,0,2,0,1,0,0,0,0,0,0,0,0,5,5
521,MOVSW,0,0,0,0,2,0,2,0,1,0,0,0,0,0,0,0,0,6,6
522,MOVSX,0,0,0,0,1,0,1,0,0,0,0,0,0,0,0,0,0,3,6
523,MOVSX,0,0,0,0,0,0,1,0,0,0,0,0,0,0,0,0,0,4,5
524,MOVSX,0,0,0,0,0,0,1,0,0,0,0,0,0,0,0,0,0,4,5
525,MOVSX,0,0,0,0,1,0,0,0,0,0,0,0,0,0,0,0,0,1,1
526,MOVSX,0,0,0,0,0,0,1,0,0,0,0,0,0,0,0,0,0,4,5
527,MOVSX,0,0,0,0,0,0,1,0,0,0,0,0,0,0,0,0,0,4,5
528,MOVSX,0,0,0,0,1,0,0,0,0,0,0,0,0,0,0,0,0,1,1
529,MOVSX_NOREX,0,0,0,0,1,0,0,0,0,0,0,0,0,0,0,0,0,1,1
530,MOVSX_NOREX,0,0,0,0,1,0,0,0,0,0,0,0,0,0,0,0,0,1,1
531,MOVSX_REX,0,0,0,0,1,0,0,0,0,0,0,0,0,0,0,0,0,1,1
532,MOVSX_REX,0,0,0,0,1,0,0,0,0,0,0,0,0,0,0,0,0,1,1
533,MOVSX_REX,0,0,0,0,1,0,0,0,0,0,0,0,0,0,0,0,0,1,1
534,MOVZX,0,0,0,0,1,0,1,0,0,0,0,0,0,0,0,0,0,3,6
535,MOVZX,0,0,0,0,0,0,1,0,0,0,0,0,0,0,0,0,0,2,5
536,MOVZX,0,0,0,0,0,0,1,0,0,0,0,0,0,0,0,0,0,2,5
537,MOVZX,0,0,0,0,1,0,0,0,0,0,0,0,0,0,0,0,0,1,1
538,MOVZX,0,0,0,0,0,0,1,0,0,0,0,0,0,0,0,0,0,2,5
539,MOVZX,0,0,0,0,0,0,1,0,0,0,0,0,0,0,0,0,0,2,5
540,MOVZX,0,0,0,0,1,0,0,0,0,0,0,0,0,0,0,0,0,1,1
541,MOVZX_NOREX,0,0,0,0,1,0,0,0,0,0,0,0,0,0,0,0,0,1,1
542,MOVZX_REX,0,0,0,0,1,0,0,0,0,0,0,0,0,0,0,0,0,1,1
543,MUL,0,0,0,0,2,1,1,0,0,1,0,0,0,0,0,0,0,4,10
544,MUL,0,0,0,0,1,1,1,0,0,1,0,0,0,0,0,0,0,4,9
545,MUL,0,0,0,0,0,0,1,0,0,1,0,0,1,0,0,0,0,3,9
546,MUL,0,0,0,0,0,0,1,0,0,1,0,0,0,0,0,0,0,3,8
547,MUL,0,0,0,0,2,1,0,0,0,1,0,0,0,0,0,0,0,4,5
548,MUL,0,0,0,0,1,1,0,0,0,1,0,0,0,0,0,0,0,4,4
549,MUL,0,0,0,0,0,0,0,0,0,1,0,0,1,0,0,0,0,3,4
550,MUL_NOREX,0,0,0,0,0,0,0,0,0,1,0,0,0,0,0,0,0,3,3
551,MUL_REX,0,0,0,0,0,0,0,0,0,1,0,0,0,0,0,0,0,3,3
552,NEG,0,0,0,0,1,0,1,1,1,0,0,0,0,0,0,0,0,3,11
553,NEG,0,0,0,0,1,0,1,1,1,0,0,0,0,0,0,0,0,3,10
554,NEG,0,0,0,0,1,0,1,1,1,0,0,0,0,0,0,0,0,3,10
555,NEG,0,0,0,0,1,0,1,1,1,0,0,0,0,0,0,0,0,3,11
556,NEG,0,0,0,0,1,0,0,0,0,0,0,0,0,0,0,0,0,1,1
557,NEG,0,0,0,0,1,0,0,0,0,0,0,0,0,0,0,0,0,1,1
558,NEG,0,0,0,0,1,0,0,0,0,0,0,0,0,0,0,0,0,1,1
559,NEG_LOCK,1,0,0,0,4,2,2,0,1,0,0,0,0,0,0,0,0,15,30
560,NEG_LOCK,1,0,0,0,4,2,2,0,1,0,0,0,0,0,0,0,0,15,29
561,NEG_LOCK,1,0,0,0,4,2,2,0,1,0,0,0,0,0,0,0,0,15,29
562,NEG_LOCK,1,0,0,0,4,2,2,0,1,0,0,0,0,0,0,0,0,15,30
563,NEG_NOREX,0,0,0,0,1,0,0,0,0,0,0,0,0,0,0,0,0,1,1
564,NEG_REX,0,0,0,0,1,0,0,0,0,0,0,0,0,0,0,0,0,1,1
565,NOT,0,0,0,0,1,0,1,1,1,0,0,0,0,0,0,0,0,4,11
566,NOT,0,0,0,0,1,0,1,1,1,0,0,0,0,0,0,0,0,4,10
567,NOT,0,0,0,0,1,0,1,1,1,0,0,0,0,0,0,0,0,4,10
568,NOT,0,0,0,0,1,0,1,1,1,0,0,0,0,0,0,0,0,4,11
569,NOT,0,0,0,0,1,0,0,0,0,0,0,0,0,0,0,0,0,1,1
570,NOT,0,0,0,0,1,0,0,0,0,0,0,0,0,0,0,0,0,1,1
571,NOT,0,0,0,0,1,0,0,0,0,0,0,0,0,0,0,0,0,1,1
572,NOT_LOCK,1,0,0,0,4,2,2,0,1,0,0,0,0,0,0,0,0,18,30
573,NOT_LOCK,1,0,0,0,4,2,2,0,1,0,0,0,0,0,0,0,0,18,29
574,NOT_LOCK,1,0,0,0,4,2,2,0,1,0,0,0,0,0,0,0,0,18,29
575,NOT_LOCK,1,0,0,0,4,2,2,0,1,0,0,0,0,0,0,0,0,18,30
576,NOT_NOREX,0,0,0,0,1,0,0,0,0,0,0,0,0,0,0,0,0,1,1
577,NOT_REX,0,0,0,0,1,0,0,0,0,0,0,0,0,0,0,0,0,1,1
578,OR,0,0,0,0,1,0,0,0,0,0,0,0,0,0,0,0,0,1,1
579,OR,0,0,0,0,1,0,0,0,0,0,0,0,0,0,0,0,0,1,1
580,OR,0,0,0,0,1,0,0,0,0,0,0,0,0,0,0,0,0,1,1
581,OR,0,0,0,0,1,0,1,1,1,0,0,0,0,0,0,0,0,3,11
582,OR,0,0,0,0,1,0,1,1,1,0,0,0,0,0,0,0,0,3,11
583,OR,0,0,0,0,1,0,1,1,1,0,0,0,0,0,0,0,0,1,11
584,OR,0,0,0,0,1,0,1,1,1,0,0,0,0,0,0,0,0,3,10
585,OR,0,0,0,0,1,0,1,1,1,0,0,0,0,0,0,0,0,3,10
586,OR,0,0,0,0,1,0,1,1,1,0,0,0,0,0,0,0,0,1,10
587,OR,0,0,0,0,1,0,1,1,1,0,0,0,0,0,0,0,0,3,10
588,OR,0,0,0,0,1,0,1,1,1,0,0,0,0,0,0,0,0,3,10
589,OR,0,0,0,0,1,0,1,1,1,0,0,0,0,0,0,0,0,1,10
590,OR,0,0,0,0,1,0,1,1,1,0,0,0,0,0,0,0,0,3,11
591,OR,0,0,0,0,1,0,0,0,0,0,0,0,0,0,0,0,0,1,1
592,OR,0,0,0,0,1,0,0,0,0,0,0,0,0,0,0,0,0,1,1
593,OR,0,0,0,0,1,0,1,0,0,0,0,0,0,0,0,0,0,1,6
594,OR,0,0,0,0,1,0,0,0,0,0,0,0,0,0,0,0,0,1,1
595,OR,0,0,0,0,1,0,0,0,0,0,0,0,0,0,0,0,0,1,1
596,OR,0,0,0,0,1,0,1,0,0,0,0,0,0,0,0,0,0,1,6
597,OR,0,0,0,0,1,0,0,0,0,0,0,0,0,0,0,0,0,1,1
598,OR,0,0,0,0,1,0,0,0,0,0,0,0,0,0,0,0,0,1,1
599,OR,0,0,0,0,1,0,1,0,0,0,0,0,0,0,0,0,0,1,6
600,OR,0,0,0,0,1,0,0,0,0,0,0,0,0,0,0,0,0,1,1
601,OR_09,0,0,0,0,1,0,0,0,0,0,0,0,0,0,0,0,0,1,1
602,OR_09,0,0,0,0,1,0,0,0,0,0,0,0,0,0,0,0,0,1,1
603,OR_09,0,0,0,0,1,0,0,0,0,0,0,0,0,0,0,0,0,1,1
604,OR_0B,0,0,0,0,1,0,0,0,0,0,0,0,0,0,0,0,0,1,1
605,OR_0B,0,0,0,0,1,0,0,0,0,0,0,0,0,0,0,0,0,1,1
606,OR_0B,0,0,0,0,1,0,0,0,0,0,0,0,0,0,0,0,0,1,1
607,OR_LOCK,1,0,0,0,4,2,2,0,1,0,0,0,0,0,0,0,0,15,30
608,OR_LOCK,1,0,0,0,4,2,2,0,1,0,0,0,0,0,0,0,0,15,30
609,OR_LOCK,1,0,0,0,4,2,2,0,1,0,0,0,0,0,0,0,0,12,30
610,OR_LOCK,1,0,0,0,4,2,2,0,1,0,0,0,0,0,0,0,0,15,29
611,OR_LOCK,1,0,0,0,4,2,2,0,1,0,0,0,0,0,0,0,0,15,29
612,OR_LOCK,1,0,0,0,4,2,2,0,1,0,0,0,0,0,0,0,0,12,29
613,OR_LOCK,1,0,0,0,4,2,2,0,1,0,0,0,0,0,0,0,0,15,29
614,OR_LOCK,1,0,0,0,4,2,2,0,1,0,0,0,0,0,0,0,0,15,29
615,OR_LOCK,1,0,0,0,4,2,2,0,1,0,0,0,0,0,0,0,0,12,29
616,OR_LOCK,1,0,0,0,4,2,2,0,1,0,0,0,0,0,0,0,0,15,30
617,OR_LOCK_NOREX,1,0,0,0,4,2,2,0,1,0,0,0,0,0,0,0,0,12,30
618,OR_LOCK_REX,1,0,0,0,4,2,2,0,1,0,0,0,0,0,0,0,0,12,30
619,OR_NOREX,0,0,0,0,1,0,1,1,1,0,0,0,0,0,0,0,0,1,11
620,OR_NOREX,0,0,0,0,1,0,0,0,0,0,0,0,0,0,0,0,0,1,1
621,OR_NOREX,0,0,0,0,1,0,1,0,0,0,0,0,0,0,0,0,0,1,6
622,OR_NOREX_08,0,0,0,0,1,0,0,0,0,0,0,0,0,0,0,0,0,1,1
623,OR_NOREX_0A,0,0,0,0,1,0,0,0,0,0,0,0,0,0,0,0,0,1,1
624,OR_REX,0,0,0,0,1,0,1,1,1,0,0,0,0,0,0,0,0,1,11
625,OR_REX,0,0,0,0,1,0,0,0,0,0,0,0,0,0,0,0,0,1,1
626,OR_REX,0,0,0,0,1,0,1,0,0,0,0,0,0,0,0,0,0,1,6
627,OR_REX_08,0,0,0,0,1,0,0,0,0,0,0,0,0,0,0,0,0,1,1
628,OR_REX_0A,0,0,0,0,1,0,0,0,0,0,0,0,0,0,0,0,0,1,1
629,POP,0,0,0,0,0,0,1,1,1,0,0,0,0,0,0,0,0,11,11
630,POP,0,0,0,0,0,0,1,1,1,0,0,0,0,0,0,0,0,10,10
631,POP,0,0,0,0,1,0,1,0,0,0,0,0,0,0,0,0,0,3,6
632,POP,0,0,0,0,0,0,1,0,0,0,0,0,0,0,0,0,0,2,5
633,PUSH,0,0,0,0,0,0,0,1,1,1,0,0,0,0,0,0,0,11,11
634,PUSH,0,0,0,0,0,0,0,1,1,1,0,0,0,0,0,0,0,11,11
635,PUSH,0,0,0,0,0,0,0,1,1,0,0,0,0,0,0,0,0,11,11
636,PUSH,0,0,0,0,0,0,0,1,1,0,0,0,0,0,0,0,0,11,11
637,PUSH,0,0,0,0,0,0,1,1,1,0,0,0,0,0,0,0,0,12,12
638,PUSH,0,0,0,0,0,0,1,1,1,0,0,0,0,0,0,0,0,11,11
639,PUSH,0,0,0,0,0,0,0,1,1,0,0,0,0,0,0,0,0,3,12
640,PUSH,0,0,0,0,0,0,0,1,1,0,0,0,0,0,0,0,0,2,11
641,PUSH_W,0,0,0,0,0,0,0,1,1,1,0,0,0,0,0,0,0,12,12
642,PUSH_W,0,0,0,0,0,0,0,1,1,1,0,0,0,0,0,0,0,12,12
643,PUSH_W,0,0,0,0,0,0,0,1,1,0,0,0,0,0,0,0,0,12,12
644,PUSH_W,0,0,0,0,0,0,0,1,1,0,0,0,0,0,0,0,0,12,12
645,PUSHF,0,0,0,0,0,1,0,1,1,1,0,0,0,0,0,0,0,7,12
646,RCL,0,0,0,0,1,2,1,1,1,0,0,0,0,0,0,0,0,3,11
647,RCL,0,0,0,0,2,4,2,0,1,2,0,0,0,0,0,0,0,7,17
648,RCL,0,0,0,0,2,4,2,0,1,2,0,0,0,0,0,0,0,7,17
649,RCL,0,0,0,0,1,2,1,1,1,0,0,0,0,0,0,0,0,3,10
650,RCL,0,0,0,0,2,4,2,0,1,2,0,0,0,0,0,0,0,7,16
651,RCL,0,0,0,0,2,4,2,0,1,2,0,0,0,0,0,0,0,7,16
652,RCL,0,0,0,0,1,2,1,1,1,0,0,0,0,0,0,0,0,3,10
653,RCL,0,0,0,0,2,4,2,0,1,2,0,0,0,0,0,0,0,7,16
654,RCL,0,0,0,0,2,4,2,0,1,2,0,0,0,0,0,0,0,7,16
655,RCL,0,0,0,0,1,2,1,1,1,0,0,0,0,0,0,0,0,3,11
656,RCL,0,0,0,0,1,6,2,0,1,1,1,0,0,0,0,0,0,5,17
657,RCL,0,0,0,0,1,6,2,0,1,1,1,0,0,0,0,0,0,6,17
658,RCL,0,0,0,0,1,2,0,0,0,0,0,0,0,0,0,0,0,2,2
659,RCL,0,0,0,0,2,4,0,0,0,2,0,0,0,0,0,0,0,6,8
660,RCL,0,0,0,0,2,4,0,0,0,2,0,0,0,0,0,0,0,6,7
661,RCL,0,0,0,0,1,2,0,0,0,0,0,0,0,0,0,0,0,2,2
662,RCL,0,0,0,0,2,4,0,0,0,2,0,0,0,0,0,0,0,6,8
663,RCL,0,0,0,0,2,4,0,0,0,2,0,0,0,0,0,0,0,6,7
664,RCL,0,0,0,0,1,2,0,0,0,0,0,0,0,0,0,0,0,2,2
665,RCL,0,0,0,0,2,4,0,0,0,2,0,0,0,0,0,0,0,6,8
666,RCL,0,0,0,0,2,4,0,0,0,2,0,0,0,0,0,0,0,6,7
667,RCL_NOREX,0,0,0,0,1,2,0,0,0,0,0,0,0,0,0,0,0,2,2
668,RCL_NOREX,0,0,0,0,2,6,0,0,0,1,1,0,0,0,0,0,0,5,6
669,RCL_NOREX,0,0,0,0,2,6,0,0,0,1,1,0,0,0,0,0,0,5,6
670,RCL_REX,0,0,0,0,1,2,0,0,0,0,0,0,0,0,0,0,0,2,2
671,RCL_REX,0,0,0,0,2,6,0,0,0,1,1,0,0,0,0,0,0,5,6
672,RCL_REX,0,0,0,0,2,6,0,0,0,1,1,0,0,0,0,0,0,5,6
673,RCR,0,0,0,0,1,2,1,1,1,0,0,0,0,0,0,0,0,3,11
674,RCR,0,0,0,0,2,4,2,0,1,2,0,0,0,0,0,0,0,6,17
675,RCR,0,0,0,0,2,4,2,0,1,2,0,0,0,0,0,0,0,6,17
676,RCR,0,0,0,0,1,2,1,1,1,0,0,0,0,0,0,0,0,3,10
677,RCR,0,0,0,0,2,4,2,0,1,2,0,0,0,0,0,0,0,6,16
678,RCR,0,0,0,0,2,4,2,0,1,2,0,0,0,0,0,0,0,6,16
679,RCR,0,0,0,0,1,2,1,1,1,0,0,0,0,0,0,0,0,3,10
680,RCR,0,0,0,0,2,4,2,0,1,2,0,0,0,0,0,0,0,6,16
681,RCR,0,0,0,0,2,4,2,0,1,2,0,0,0,0,0,0,0,6,16
682,RCR,0,0,0,0,1,2,1,1,1,0,0,0,0,0,0,0,0,3,10
683,RCR,0,0,0,0,2,5,2,0,1,2,1,0,0,0,0,0,0,6,17
684,RCR,0,0,0,0,2,5,2,0,1,2,1,0,0,0,0,0,0,6,17
685,RCR,0,0,0,0,1,2,0,0,0,0,0,0,0,0,0,0,0,2,2
686,RCR,0,0,0,0,2,4,0,0,0,2,0,0,0,0,0,0,0,5,8
687,RCR,0,0,0,0,2,4,0,0,0,2,0,0,0,0,0,0,0,5,6
688,RCR,0,0,0,0,1,2,0,0,0,0,0,0,0,0,0,0,0,2,2
689,RCR,0,0,0,0,2,4,0,0,0,2,0,0,0,0,0,0,0,5,8
690,RCR,0,0,0,0,2,4,0,0,0,2,0,0,0,0,0,0,0,5,6
691,RCR,0,0,0,0,1,2,0,0,0,0,0,0,0,0,0,0,0,2,2
692,RCR,0,0,0,0,2,4,0,0,0,2,0,0,0,0,0,0,0,5,8
693,RCR,0,0,0,0,2,4,0,0,0,2,0,0,0,0,0,0,0,5,6
694,RCR_NOREX,0,0,0,0,1,2,0,0,0,0,0,0,0,0,0,0,0,2,2
695,RCR_NOREX,0,0,0,0,2,5,0,0,0,2,1,1,0,0,0,0,0,6,9
696,RCR_NOREX,0,0,0,0,2,5,0,0,0,2,1,1,0,0,0,0,0,6,8
697,RCR_REX,0,0,0,0,1,2,0,0,0,0,0,0,0,0,0,0,0,2,2
698,RCR_REX,0,0,0,0,2,5,0,0,0,2,1,1,0,0,0,0,0,6,9
699,RCR_REX,0,0,0,0,2,5,0,0,0,2,1,1,0,0,0,0,0,6,8
700,ROL,0,0,0,0,0,2,1,1,1,0,0,0,0,0,0,0,0,4,11
701,ROL,0,0,0,0,0,3,1,1,1,0,0,0,0,0,0,0,0,2,11
702,ROL,0,0,0,0,0,2,1,1,1,0,0,0,0,0,0,0,0,3,11
703,ROL,0,0,0,0,0,2,1,1,1,0,0,0,0,0,0,0,0,4,10
704,ROL,0,0,0,0,0,3,1,1,1,0,0,0,0,0,0,0,0,2,10
705,ROL,0,0,0,0,0,2,1,1,1,0,0,0,0,0,0,0,0,4,10
706,ROL,0,0,0,0,0,2,1,1,1,0,0,0,0,0,0,0,0,4,10
707,ROL,0,0,0,0,0,3,1,1,1,0,0,0,0,0,0,0,0,2,10
708,ROL,0,0,0,0,0,2,1,1,1,0,0,0,0,0,0,0,0,4,10
709,ROL,0,0,0,0,0,2,1,1,1,0,0,0,0,0,0,0,0,4,11
710,ROL,0,0,0,0,0,3,1,1,1,0,0,0,0,0,0,0,0,2,11
711,ROL,0,0,0,0,0,2,1,1,1,0,0,0,0,0,0,0,0,4,11
712,ROL,0,0,0,0,0,2,0,0,0,0,0,0,0,0,0,0,0,1,1
713,ROL,0,0,0,0,0,3,0,0,0,0,0,0,0,0,0,0,0,1,2
714,ROL,0,0,0,0,0,1,0,0,0,0,0,0,0,0,0,0,0,1,1
715,ROL,0,0,0,0,0,2,0,0,0,0,0,0,0,0,0,0,0,1,1
716,ROL,0,0,0,0,0,3,0,0,0,0,0,0,0,0,0,0,0,1,2
717,ROL,0,0,0,0,0,1,0,0,0,0,0,0,0,0,0,0,0,1,1
718,ROL,0,0,0,0,0,2,0,0,0,0,0,0,0,0,0,0,0,1,1
719,ROL,0,0,0,0,0,3,0,0,0,0,0,0,0,0,0,0,0,1,2
720,ROL,0,0,0,0,0,1,0,0,0,0,0,0,0,0,0,0,0,1,1
721,ROL_NOREX,0,0,0,0,0,2,0,0,0,0,0,0,0,0,0,0,0,1,1
722,ROL_NOREX,0,0,0,0,0,3,0,0,0,0,0,0,0,0,0,0,0,1,2
723,ROL_NOREX,0,0,0,0,0,1,0,0,0,0,0,0,0,0,0,0,0,1,1
724,ROL_REX,0,0,0,0,0,2,0,0,0,0,0,0,0,0,0,0,0,1,1
725,ROL_REX,0,0,0,0,0,3,0,0,0,0,0,0,0,0,0,0,0,1,2
726,ROL_REX,0,0,0,0,0,1,0,0,0,0,0,0,0,0,0,0,0,1,1
727,ROR,0,0,0,0,0,2,1,1,1,0,0,0,0,0,0,0,0,4,11
728,ROR,0,0,0,0,0,3,1,1,1,0,0,0,0,0,0,0,0,2,11
729,ROR,0,0,0,0,0,2,1,1,1,0,0,0,0,0,0,0,0,4,11
730,ROR,0,0,0,0,0,2,1,1,1,0,0,0,0,0,0,0,0,4,10
731,ROR,0,0,0,0,0,3,1,1,1,0,0,0,0,0,0,0,0,2,10
732,ROR,0,0,0,0,0,2,1,1,1,0,0,0,0,0,0,0,0,4,10
733,ROR,0,0,0,0,0,2,1,1,1,0,0,0,0,0,0,0,0,4,10
734,ROR,0,0,0,0,0,3,1,1,1,0,0,0,0,0,0,0,0,2,10
735,ROR,0,0,0,0,0,2,1,1,1,0,0,0,0,0,0,0,0,4,10
736,ROR,0,0,0,0,0,2,1,1,1,0,0,0,0,0,0,0,0,3,11
737,ROR,0,0,0,0,0,3,1,1,1,0,0,0,0,0,0,0,0,2,11
738,ROR,0,0,0,0,0,2,1,1,1,0,0,0,0,0,0,0,0,4,11
739,ROR,0,0,0,0,0,2,0,0,0,0,0,0,0,0,0,0,0,1,1
740,ROR,0,0,0,0,0,3,0,0,0,0,0,0,0,0,0,0,0,1,2
741,ROR,0,0,0,0,0,1,0,0,0,0,0,0,0,0,0,0,0,1,1
742,ROR,0,0,0,0,0,2,0,0,0,0,0,0,0,0,0,0,0,1,1
743,ROR,0,0,0,0,0,3,0,0,0,0,0,0,0,0,0,0,0,1,2
744,ROR,0,0,0,0,0,1,0,0,0,0,0,0,0,0,0,0,0,1,1
745,ROR,0,0,0,0,0,2,0,0,0,0,0,0,0,0,0,0,0,1,1
746,ROR,0,0,0,0,0,3,0,0,0,0,0,0,0,0,0,0,0,1,2
747,ROR,0,0,0,0,0,1,0,0,0,0,0,0,0,0,0,0,0,1,1
748,ROR_NOREX,0,0,0,0,0,2,0,0,0,0,0,0,0,0,0,0,0,1,1
749,ROR_NOREX,0,0,0,0,0,3,0,0,0,0,0,0,0,0,0,0,0,1,2
750,ROR_NOREX,0,0,0,0,0,1,0,0,0,0,0,0,0,0,0,0,0,1,1
751,ROR_REX,0,0,0,0,0,2,0,0,0,0,0,0,0,0,0,0,0,1,1
752,ROR_REX,0,0,0,0,0,3,0,0,0,0,0,0,0,0,0,0,0,1,2
753,ROR_REX,0,0,0,0,0,1,0,0,0,0,0,0,0,0,0,0,0,1,1
754,SAR,0,0,0,0,0,1,1,1,1,0,0,0,0,0,0,0,0,3,11
755,SAR,0,0,0,0,0,3,1,1,1,0,0,0,0,0,0,0,0,2,11
756,SAR,0,0,0,0,0,1,1,1,1,0,0,0,0,0,0,0,0,3,11
757,SAR,0,0,0,0,0,1,1,1,1,0,0,0,0,0,0,0,0,3,10
758,SAR,0,0,0,0,0,3,1,1,1,0,0,0,0,0,0,0,0,2,10
759,SAR,0,0,0,0,0,1,1,1,1,0,0,0,0,0,0,0,0,3,10
760,SAR,0,0,0,0,0,1,1,1,1,0,0,0,0,0,0,0,0,3,10
761,SAR,0,0,0,0,0,3,1,1,1,0,0,0,0,0,0,0,0,2,10
762,SAR,0,0,0,0,0,1,1,1,1,0,0,0,0,0,0,0,0,3,10
763,SAR,0,0,0,0,0,1,1,1,1,0,0,0,0,0,0,0,0,3,11
764,SAR,0,0,0,0,0,3,1,1,1,0,0,0,0,0,0,0,0,2,11
765,SAR,0,0,0,0,0,1,1,1,1,0,0,0,0,0,0,0,0,3,11
766,SAR,0,0,0,0,0,1,0,0,0,0,0,0,0,0,0,0,0,1,1
767,SAR,0,0,0,0,0,3,0,0,0,0,0,0,0,0,0,0,0,1,2
768,SAR,0,0,0,0,0,1,0,0,0,0,0,0,0,0,0,0,0,1,1
769,SAR,0,0,0,0,0,1,0,0,0,0,0,0,0,0,0,0,0,1,1
770,SAR,0,0,0,0,0,3,0,0,0,0,0,0,0,0,0,0,0,1,2
771,SAR,0,0,0,0,0,1,0,0,0,0,0,0,0,0,0,0,0,1,1
772,SAR,0,0,0,0,0,1,0,0,0,0,0,0,0,0,0,0,0,1,1
773,SAR,0,0,0,0,0,3,0,0,0,0,0,0,0,0,0,0,0,1,2
774,SAR,0,0,0,0,0,1,0,0,0,0,0,0,0,0,0,0,0,1,1
775,SAR_NOREX,0,0,0,0,0,1,0,0,0,0,0,0,0,0,0,0,0,1,1
776,SAR_NOREX,0,0,0,0,0,3,0,0,0,0,0,0,0,0,0,0,0,1,2
777,SAR_NOREX,0,0,0,0,0,1,0,0,0,0,0,0,0,0,0,0,0,1,1
778,SAR_REX,0,0,0,0,0,1,0,0,0,0,0,0,0,0,0,0,0,1,1
779,SAR_REX,0,0,0,0,0,3,0,0,0,0,0,0,0,0,0,0,0,1,2
780,SAR_REX,0,0,0,0,0,1,0,0,0,0,0,0,0,0,0,0,0,1,1
781,SBB,0,0,0,0,1,1,0,0,0,0,0,0,0,0,0,0,0,1,2
782,SBB,0,0,0,0,1,1,0,0,0,0,0,0,0,0,0,0,0,1,2
783,SBB,0,0,0,0,1,1,0,0,0,0,0,0,0,0,0,0,0,1,2
784,SBB,0,0,0,0,3,0,1,1,1,0,0,0,0,0,0,0,0,2,11
785,SBB,0,0,0,0,3,0,1,1,1,0,0,0,0,0,0,0,0,2,11
786,SBB,0,0,0,0,1,2,1,1,1,0,0,0,0,0,0,0,0,1,11
787,SBB,0,0,0,0,3,0,1,1,1,0,0,0,0,0,0,0,0,2,10
788,SBB,0,0,0,0,3,0,1,1,1,0,0,0,0,0,0,0,0,2,10
789,SBB,0,0,0,0,1,2,1,1,1,0,0,0,0,0,0,0,0,1,10
790,SBB,0,0,0,0,3,0,1,1,1,0,0,0,0,0,0,0,0,2,10
791,SBB,0,0,0,0,3,0,1,1,1,0,0,0,0,0,0,0,0,2,11
792,SBB,0,0,0,0,1,2,1,1,1,0,0,0,0,0,0,0,0,1,10
793,SBB,0,0,0,0,3,0,1,1,1,0,0,0,0,0,0,0,0,2,11
794,SBB,0,0,0,0,0,1,0,0,0,0,0,0,0,0,0,0,0,1,1
795,SBB,0,0,0,0,0,1,0,0,0,0,0,0,0,0,0,0,0,1,1
796,SBB,0,0,0,0,0,1,1,0,0,0,0,0,0,0,0,0,0,1,6
797,SBB,0,0,0,0,0,1,0,0,0,0,0,0,0,0,0,0,0,1,1
798,SBB,0,0,0,0,0,1,0,0,0,0,0,0,0,0,0,0,0,1,1
799,SBB,0,0,0,0,0,1,1,0,0,0,0,0,0,0,0,0,0,1,6
800,SBB,0,0,0,0,0,1,0,0,0,0,0,0,0,0,0,0,0,1,1
801,SBB,0,0,0,0,0,1,0,0,0,0,0,0,0,0,0,0,0,1,1
802,SBB,0,0,0,0,0,1,1,0,0,0,0,0,0,0,0,0,0,1,6
803,SBB,0,0,0,0,1,1,0,0,0,0,0,0,0,0,0,0,0,1,2
804,SBB_19,0,0,0,0,0,1,0,0,0,0,0,0,0,0,0,0,0,1,1
805,SBB_19,0,0,0,0,0,1,0,0,0,0,0,0,0,0,0,0,0,1,1
806,SBB_19,0,0,0,0,0,1,0,0,0,0,0,0,0,0,0,0,0,1,1
807,SBB_1B,0,0,0,0,0,1,0,0,0,0,0,0,0,0,0,0,0,1,1
808,SBB_1B,0,0,0,0,0,1,0,0,0,0,0,0,0,0,0,0,0,1,1
809,SBB_1B,0,0,0,0,0,1,0,0,0,0,0,0,0,0,0,0,0,1,1
810,SBB_LOCK,1,0,0,0,5,2,2,0,1,0,0,0,0,0,0,0,0,13,30
811,SBB_LOCK,1,0,0,0,5,2,2,0,1,0,0,0,0,0,0,0,0,13,30
812,SBB_LOCK,1,0,0,0,5,3,2,0,1,0,0,0,0,0,0,0,0,13,30
813,SBB_LOCK,1,0,0,0,5,2,2,0,1,0,0,0,0,0,0,0,0,13,29
814,SBB_LOCK,1,0,0,0,5,2,2,0,1,0,0,0,0,0,0,0,0,13,29
815,SBB_LOCK,1,0,0,0,5,3,2,0,1,0,0,0,0,0,0,0,0,13,29
816,SBB_LOCK,1,0,0,0,5,2,2,0,1,0,0,0,0,0,0,0,0,13,29
817,SBB_LOCK,1,0,0,0,5,2,2,0,1,0,0,0,0,0,0,0,0,13,29
818,SBB_LOCK,1,0,0,0,5,3,2,0,1,0,0,0,0,0,0,0,0,13,29
819,SBB_LOCK,1,0,0,0,5,2,2,0,1,0,0,0,0,0,0,0,0,13,30
820,SBB_LOCK_NOREX,1,0,0,0,5,3,2,0,1,0,0,0,0,0,0,0,0,13,30
821,SBB_LOCK_REX,1,0,0,0,5,3,2,0,1,0,0,0,0,0,0,0,0,13,30
822,SBB_NOREX,0,0,0,0,1,2,1,1,1,0,0,0,0,0,0,0,0,1,11
823,SBB_NOREX,0,0,0,0,0,1,0,0,0,0,0,0,0,0,0,0,0,1,1
824,SBB_NOREX,0,0,0,0,0,1,1,0,0,0,0,0,0,0,0,0,0,1,6
825,SBB_NOREX_18,0,0,0,0,0,1,0,0,0,0,0,0,0,0,0,0,0,1,1
826,SBB_NOREX_1A,0,0,0,0,0,1,0,0,0,0,0,0,0,0,0,0,0,1,1
827,SBB_REX,0,0,0,0,1,2,1,1,1,0,0,0,0,0,0,0,0,1,10
828,SBB_REX,0,0,0,0,0,1,0,0,0,0,0,0,0,0,0,0,0,1,1
829,SBB_REX,0,0,0,0,0,1,1,0,0,0,0,0,0,0,0,0,0,1,6
830,SBB_REX_18,0,0,0,0,0,1,0,0,0,0,0,0,0,0,0,0,0,1,1
831,SBB_REX_1A,0,0,0,0,0,1,0,0,0,0,0,0,0,0,0,0,0,1,1
832,SCASB,0,0,0,0,2,0,1,0,0,0,0,0,0,0,0,0,0,1,6
833,SCASD,0,0,0,0,2,0,1,0,0,0,0,0,0,0,0,0,0,1,6
834,SCASW,0,0,0,0,2,0,1,0,0,0,0,0,0,0,0,0,0,1,6
835,SETB,0,1,0,0,0,1,0,1,1,0,0,0,0,0,0,0,0,5,11
836,SETB_NOREX,0,0,0,0,0,1,0,0,0,0,0,0,0,0,0,0,0,1,1
837,SETB_REX,0,0,0,0,0,1,0,0,0,0,0,0,0,0,0,0,0,1,1
838,SETBE,0,1,0,0,0,2,0,1,1,0,0,0,0,0,0,0,0,5,11
839,SETBE_NOREX,0,0,0,0,0,2,0,0,0,0,0,0,0,0,0,0,0,2,2
840,SETBE_REX,0,0,0,0,0,2,0,0,0,0,0,0,0,0,0,0,0,2,2
841,SETL,0,1,0,0,0,1,0,1,1,0,0,0,0,0,0,0,0,5,11
842,SETL_NOREX,0,0,0,0,0,1,0,0,0,0,0,0,0,0,0,0,0,1,1
843,SETL_REX,0,0,0,0,0,1,0,0,0,0,0,0,0,0,0,0,0,1,1
844,SETLE,0,1,0,0,0,1,0,1,1,0,0,0,0,0,0,0,0,5,11
845,SETLE_NOREX,0,0,0,0,0,1,0,0,0,0,0,0,0,0,0,0,0,1,1
846,SETLE_REX,0,0,0,0,0,1,0,0,0,0,0,0,0,0,0,0,0,1,1
847,SETNB,0,1,0,0,0,1,0,1,1,0,0,0,0,0,0,0,0,5,11
848,SETNB_NOREX,0,0,0,0,0,1,0,0,0,0,0,0,0,0,0,0,0,1,1
849,SETNB_REX,0,0,0,0,0,1,0,0,0,0,0,0,0,0,0,0,0,1,1
850,SETNBE,0,1,0,0,0,2,0,1,1,0,0,0,0,0,0,0,0,5,11
851,SETNBE_NOREX,0,0,0,0,0,2,0,0,0,0,0,0,0,0,0,0,0,2,2
852,SETNBE_REX,0,0,0,0,0,2,0,0,0,0,0,0,0,0,0,0,0,2,2
853,SETNL,0,1,0,0,0,1,0,1,1,0,0,0,0,0,0,0,0,4,11
854,SETNL_NOREX,0,0,0,0,0,1,0,0,0,0,0,0,0,0,0,0,0,1,1
855,SETNL_REX,0,0,0,0,0,1,0,0,0,0,0,0,0,0,0,0,0,1,1
856,SETNLE,0,1,0,0,0,1,0,1,1,0,0,0,0,0,0,0,0,5,11
857,SETNLE_NOREX,0,0,0,0,0,1,0,0,0,0,0,0,0,0,0,0,0,1,1
858,SETNLE_REX,0,0,0,0,0,1,0,0,0,0,0,0,0,0,0,0,0,1,1
859,SETNO,0,1,0,0,0,1,0,1,1,0,0,0,0,0,0,0,0,4,11
860,SETNO_NOREX,0,0,0,0,0,1,0,0,0,0,0,0,0,0,0,0,0,1,1
861,SETNO_REX,0,0,0,0,0,1,0,0,0,0,0,0,0,0,0,0,0,1,1
862,SETNP,0,1,0,0,0,1,0,1,1,0,0,0,0,0,0,0,0,4,11
863,SETNP_NOREX,0,0,0,0,0,1,0,0,0,0,0,0,0,0,0,0,0,1,1
864,SETNP_REX,0,0,0,0,0,1,0,0,0,0,0,0,0,0,0,0,0,1,1
865,SETNS,0,1,0,0,0,1,0,1,1,0,0,0,0,0,0,0,0,5,11
866,SETNS_NOREX,0,0,0,0,0,1,0,0,0,0,0,0,0,0,0,0,0,1,1
867,SETNS_REX,0,0,0,0,0,1,0,0,0,0,0,0,0,0,0,0,0,1,1
868,SETNZ,0,1,0,0,0,1,0,1,1,0,0,0,0,0,0,0,0,5,11
869,SETNZ_NOREX,0,0,0,0,0,1,0,0,0,0,0,0,0,0,0,0,0,1,1
870,SETNZ_REX,0,0,0,0,0,1,0,0,0,0,0,0,0,0,0,0,0,1,1
871,SETO,0,1,0,0,0,1,0,1,1,0,0,0,0,0,0,0,0,5,11
872,SETO_NOREX,0,0,0,0,0,1,0,0,0,0,0,0,0,0,0,0,0,1,1
873,SETO_REX,0,0,0,0,0,1,0,0,0,0,0,0,0,0,0,0,0,1,1
874,SETP,0,1,0,0,0,1,0,1,1,0,0,0,0,0,0,0,0,5,11
875,SETP_NOREX,0,0,0,0,0,1,0,0,0,0,0,0,0,0,0,0,0,1,1
876,SETP_REX,0,0,0,0,0,1,0,0,0,0,0,0,0,0,0,0,0,1,1
877,SETS,0,1,0,0,0,1,0,1,1,0,0,0,0,0,0,0,0,5,11
878,SETS_NOREX,0,0,0,0,0,1,0,0,0,0,0,0,0,0,0,0,0,1,1
879,SETS_REX,0,0,0,0,0,1,0,0,0,0,0,0,0,0,0,0,0,1,1
880,SETZ,0,1,0,0,0,1,0,1,1,0,0,0,0,0,0,0,0,5,11
881,SETZ_NOREX,0,0,0,0,0,1,0,0,0,0,0,0,0,0,0,0,0,1,1
882,SETZ_REX,0,0,0,0,0,1,0,0,0,0,0,0,0,0,0,0,0,1,1
883,SGDT,0,0,0,0,0,4,1,1,2,3,0,0,0,0,0,0,0,21,21
884,SHL,0,0,0,0,0,1,1,1,1,0,0,0,0,0,0,0,0,3,11
885,SHL,0,0,0,0,0,3,1,1,1,0,0,0,0,0,0,0,0,2,11
886,SHL,0,0,0,0,0,1,1,1,1,0,0,0,0,0,0,0,0,3,11
887,SHL,0,0,0,0,0,1,1,1,1,0,0,0,0,0,0,0,0,3,10
888,SHL,0,0,0,0,0,3,1,1,1,0,0,0,0,0,0,0,0,2,10
889,SHL,0,0,0,0,0,1,1,1,1,0,0,0,0,0,0,0,0,3,10
890,SHL,0,0,0,0,0,1,1,1,1,0,0,0,0,0,0,0,0,3,10
891,SHL,0,0,0,0,0,3,1,1,1,0,0,0,0,0,0,0,0,2,10
892,SHL,0,0,0,0,0,1,1,1,1,0,0,0,0,0,0,0,0,3,10
893,SHL,0,0,0,0,0,1,1,1,1,0,0,0,0,0,0,0,0,3,11
894,SHL,0,0,0,0,0,3,1,1,1,0,0,0,0,0,0,0,0,2,11
895,SHL,0,0,0,0,0,1,1,1,1,0,0,0,0,0,0,0,0,3,11
896,SHL,0,0,0,0,0,1,0,0,0,0,0,0,0,0,0,0,0,1,1
897,SHL,0,0,0,0,0,3,0,0,0,0,0,0,0,0,0,0,0,1,2
898,SHL,0,0,0,0,0,1,0,0,0,0,0,0,0,0,0,0,0,1,1
899,SHL,0,0,0,0,0,1,0,0,0,0,0,0,0,0,0,0,0,1,1
900,SHL,0,0,0,0,0,3,0,0,0,0,0,0,0,0,0,0,0,1,2
901,SHL,0,0,0,0,0,1,0,0,0,0,0,0,0,0,0,0,0,1,1
902,SHL,0,0,0,0,0,1,0,0,0,0,0,0,0,0,0,0,0,1,1
903,SHL,0,0,0,0,0,3,0,0,0,0,0,0,0,0,0,0,0,1,2
904,SHL,0,0,0,0,0,1,0,0,0,0,0,0,0,0,0,0,0,1,1
905,SHL_NOREX,0,0,0,0,0,1,0,0,0,0,0,0,0,0,0,0,0,1,1
906,SHL_NOREX,0,0,0,0,0,3,0,0,0,0,0,0,0,0,0,0,0,1,2
907,SHL_NOREX,0,0,0,0,0,1,0,0,0,0,0,0,0,0,0,0,0,1,1
908,SHL_REX,0,0,0,0,0,1,0,0,0,0,0,0,0,0,0,0,0,1,1
909,SHL_REX,0,0,0,0,0,3,0,0,0,0,0,0,0,0,0,0,0,1,2
910,SHL_REX,0,0,0,0,0,1,0,0,0,0,0,0,0,0,0,0,0,1,1
911,SHLD,0,0,0,0,1,2,1,1,1,1,0,0,0,0,0,0,0,5,15
912,SHLD,0,0,0,0,1,0,1,1,1,1,0,0,0,0,0,0,0,4,16
913,SHLD,0,0,0,0,1,2,1,1,1,1,0,0,0,0,0,0,0,5,14
914,SHLD,0,0,0,0,1,0,1,1,1,1,0,0,0,0,0,0,0,4,15
915,SHLD,0,0,0,0,1,2,1,1,1,1,0,0,0,0,0,0,0,5,14
916,SHLD,0,0,0,0,1,0,1,1,1,1,0,0,0,0,0,0,0,4,15
917,SHLD_CL,0,0,0,0,1,2,0,0,0,1,0,0,0,0,0,0,0,3,5
918,SHLD_CL,0,0,0,0,1,2,0,0,0,1,0,0,0,0,0,0,0,3,5
919,SHLD_CL,0,0,0,0,1,2,0,0,0,1,0,0,0,0,0,0,0,3,5
920,SHLD_IMMB,0,0,0,0,0,0,0,0,0,1,0,0,0,0,0,0,0,1,3
921,SHLD_IMMB,0,0,0,0,0,0,0,0,0,1,0,0,0,0,0,0,0,1,3
922,SHLD_IMMB,0,0,0,0,0,0,0,0,0,1,0,0,0,0,0,0,0,1,3
923,SHR,0,0,0,0,0,1,1,1,1,0,0,0,0,0,0,0,0,3,11
924,SHR,0,0,0,0,0,3,1,1,1,0,0,0,0,0,0,0,0,2,11
925,SHR,0,0,0,0,0,1,1,1,1,0,0,0,0,0,0,0,0,3,11
926,SHR,0,0,0,0,0,1,1,1,1,0,0,0,0,0,0,0,0,3,10
927,SHR,0,0,0,0,0,3,1,1,1,0,0,0,0,0,0,0,0,2,10
928,SHR,0,0,0,0,0,1,1,1,1,0,0,0,0,0,0,0,0,3,10
929,SHR,0,0,0,0,0,1,1,1,1,0,0,0,0,0,0,0,0,3,10
930,SHR,0,0,0,0,0,3,1,1,1,0,0,0,0,0,0,0,0,2,10
931,SHR,0,0,0,0,0,1,1,1,1,0,0,0,0,0,0,0,0,3,10
932,SHR,0,0,0,0,0,1,1,1,1,0,0,0,0,0,0,0,0,3,11
933,SHR,0,0,0,0,0,3,1,1,1,0,0,0,0,0,0,0,0,2,11
934,SHR,0,0,0,0,0,1,1,1,1,0,0,0,0,0,0,0,0,3,11
935,SHR,0,0,0,0,0,1,0,0,0,0,0,0,0,0,0,0,0,1,1
936,SHR,0,0,0,0,0,3,0,0,0,0,0,0,0,0,0,0,0,1,2
937,SHR,0,0,0,0,0,1,0,0,0,0,0,0,0,0,0,0,0,1,1
938,SHR,0,0,0,0,0,1,0,0,0,0,0,0,0,0,0,0,0,1,1
939,SHR,0,0,0,0,0,3,0,0,0,0,0,0,0,0,0,0,0,1,2
940,SHR,0,0,0,0,0,1,0,0,0,0,0,0,0,0,0,0,0,1,1
941,SHR,0,0,0,0,0,1,0,0,0,0,0,0,0,0,0,0,0,1,1
942,SHR,0,0,0,0,0,3,0,0,0,0,0,0,0,0,0,0,0,1,2
943,SHR,0,0,0,0,0,1,0,0,0,0,0,0,0,0,0,0,0,1,1
944,SHR_NOREX,0,0,0,0,0,1,0,0,0,0,0,0,0,0,0,0,0,1,1
945,SHR_NOREX,0,0,0,0,0,3,0,0,0,0,0,0,0,0,0,0,0,1,2
946,SHR_NOREX,0,0,0,0,0,1,0,0,0,0,0,0,0,0,0,0,0,1,1
947,SHR_REX,0,0,0,0,0,1,0,0,0,0,0,0,0,0,0,0,0,1,1
948,SHR_REX,0,0,0,0,0,3,0,0,0,0,0,0,0,0,0,0,0,1,2
949,SHR_REX,0,0,0,0,0,1,0,0,0,0,0,0,0,0,0,0,0,1,1
950,SHRD,0,0,0,0,1,2,1,1,1,1,0,0,0,0,0,0,0,4,17
951,SHRD,0,0,0,0,1,0,1,1,1,1,0,0,0,0,0,0,0,3,17
952,SHRD,0,0,0,0,1,2,1,1,1,1,0,0,0,0,0,0,0,4,16
953,SHRD,0,0,0,0,1,0,1,1,1,1,0,0,0,0,0,0,0,3,16
954,SHRD,0,0,0,0,1,2,1,1,1,1,0,0,0,0,0,0,0,4,16
955,SHRD,0,0,0,0,1,0,1,1,1,1,0,0,0,0,0,0,0,3,16
956,SHRD_CL,0,0,0,0,1,2,0,0,0,1,0,0,0,0,0,0,0,3,5
957,SHRD_CL,0,0,0,0,1,2,0,0,0,1,0,0,0,0,0,0,0,3,5
958,SHRD_CL,0,0,0,0,1,2,0,0,0,1,0,0,0,0,0,0,0,3,5
959,SHRD_IMMB,0,0,0,0,0,0,0,0,0,1,0,0,0,0,0,0,0,1,3
960,SHRD_IMMB,0,0,0,0,0,0,0,0,0,1,0,0,0,0,0,0,0,1,3
961,SHRD_IMMB,0,0,0,0,0,0,0,0,0,1,0,0,0,0,0,0,0,1,3
962,SIDT,0,0,0,0,0,3,1,1,2,3,0,0,0,0,0,0,0,21,21
963,SLDT,0,0,0,0,0,5,1,0,1,1,0,0,0,0,0,0,0,11,11
964,SMSW,0,0,0,0,0,2,1,0,1,0,0,0,1,0,0,0,0,11,11
965,STOSB,0,0,0,0,1,0,1,0,1,0,0,0,0,0,0,0,0,0,6
966,STOSD,0,0,0,0,1,0,1,0,1,0,0,0,0,0,0,0,0,0,5
967,STOSW,0,0,0,0,1,0,1,0,1,0,0,0,0,0,0,0,0,0,6
968,STR,0,0,0,0,0,5,1,0,1,1,0,0,0,0,0,0,0,12,12
969,SUB,0,0,0,0,1,0,0,0,0,0,0,0,0,0,0,0,0,1,1
970,SUB,0,0,0,0,1,0,0,0,0,0,0,0,0,0,0,0,0,1,1
971,SUB,0,0,0,0,1,0,0,0,0,0,0,0,0,0,0,0,0,1,1
972,SUB,0,0,0,0,1,0,1,1,1,0,0,0,0,0,0,0,0,3,11
973,SUB,0,0,0,0,1,0,1,1,1,0,0,0,0,0,0,0,0,3,11
974,SUB,0,0,0,0,1,0,1,1,1,0,0,0,0,0,0,0,0,1,11
975,SUB,0,0,0,0,1,0,1,1,1,0,0,0,0,0,0,0,0,3,10
976,SUB,0,0,0,0,1,0,1,1,1,0,0,0,0,0,0,0,0,3,10
977,SUB,0,0,0,0,1,0,1,1,1,0,0,0,0,0,0,0,0,1,10
978,SUB,0,0,0,0,1,0,1,1,1,0,0,0,0,0,0,0,0,3,10
979,SUB,0,0,0,0,1,0,1,1,1,0,0,0,0,0,0,0,0,3,10
980,SUB,0,0,0,0,1,0,1,1,1,0,0,0,0,0,0,0,0,1,10
981,SUB,0,0,0,0,1,0,1,1,1,0,0,0,0,0,0,0,0,3,11
982,SUB,0,0,0,0,1,0,0,0,0,0,0,0,0,0,0,0,0,1,1
983,SUB,0,0,0,0,1,0,0,0,0,0,0,0,0,0,0,0,0,1,1
984,SUB,0,0,0,0,1,0,1,0,0,0,0,0,0,0,0,0,0,1,6
985,SUB,0,0,0,0,1,0,0,0,0,0,0,0,0,0,0,0,0,1,1
986,SUB,0,0,0,0,1,0,0,0,0,0,0,0,0,0,0,0,0,1,1
987,SUB,0,0,0,0,1,0,1,0,0,0,0,0,0,0,0,0,0,1,6
988,SUB,0,0,0,0,1,0,0,0,0,0,0,0,0,0,0,0,0,1,1
989,SUB,0,0,0,0,1,0,0,0,0,0,0,0,0,0,0,0,0,1,1
990,SUB,0,0,0,0,1,0,1,0,0,0,0,0,0,0,0,0,0,1,6
991,SUB,0,0,0,0,1,0,0,0,0,0,0,0,0,0,0,0,0,1,1
992,SUB_29,0,0,0,0,1,0,0,0,0,0,0,0,0,0,0,0,0,1,1
993,SUB_29,0,0,0,0,1,0,0,0,0,0,0,0,0,0,0,0,0,0,1
994,SUB_29,0,0,0,0,1,0,0,0,0,0,0,0,0,0,0,0,0,0,1
995,SUB_2B,0,0,0,0,1,0,0,0,0,0,0,0,0,0,0,0,0,1,1
996,SUB_2B,0,0,0,0,1,0,0,0,0,0,0,0,0,0,0,0,0,0,1
997,SUB_2B,0,0,0,0,1,0,0,0,0,0,0,0,0,0,0,0,0,0,1
998,SUB_LOCK,1,0,0,0,4,2,2,0,1,0,0,0,0,0,0,0,0,15,30
999,SUB_LOCK,1,0,0,0,4,2,2,0,1,0,0,0,0,0,0,0,0,15,30
1000,SUB_LOCK,1,0,0,0,4,2,2,0,1,0,0,0,0,0,0,0,0,12,30
1001,SUB_LOCK,1,0,0,0,4,2,2,0,1,0,0,0,0,0,0,0,0,15,29
1002,SUB_LOCK,1,0,0,0,4,2,2,0,1,0,0,0,0,0,0,0,0,15,29
1003,SUB_LOCK,1,0,0,0,4,2,2,0,1,0,0,0,0,0,0,0,0,12,29
1004,SUB_LOCK,1,0,0,0,4,2,2,0,1,0,0,0,0,0,0,0,0,15,29
1005,SUB_LOCK,1,0,0,0,4,2,2,0,1,0,0,0,0,0,0,0,0,15,29
1006,SUB_LOCK,1,0,0,0,4,2,2,0,1,0,0,0,0,0,0,0,0,12,29
1007,SUB_LOCK,1,0,0,0,4,2,2,0,1,0,0,0,0,0,0,0,0,15,30
1008,SUB_LOCK_NOREX,1,0,0,0,4,2,2,0,1,0,0,0,0,0,0,0,0,12,30
1009,SUB_LOCK_REX,1,0,0,0,4,2,2,0,1,0,0,0,0,0,0,0,0,12,30
1010,SUB_NOREX,0,0,0,0,1,0,1,1,1,0,0,0,0,0,0,0,0,1,11
1011,SUB_NOREX,0,0,0,0,1,0,0,0,0,0,0,0,0,0,0,0,0,1,1
1012,SUB_NOREX,0,0,0,0,1,0,1,0,0,0,0,0,0,0,0,0,0,1,6
1013,SUB_NOREX_28,0,0,0,0,1,0,0,0,0,0,0,0,0,0,0,0,0,1,1
1014,SUB_NOREX_2A,0,0,0,0,1,0,0,0,0,0,0,0,0,0,0,0,0,1,1
1015,SUB_REX,0,0,0,0,1,0,1,1,1,0,0,0,0,0,0,0,0,1,11
1016,SUB_REX,0,0,0,0,1,0,0,0,0,0,0,0,0,0,0,0,0,1,1
1017,SUB_REX,0,0,0,0,1,0,1,0,0,0,0,0,0,0,0,0,0,1,6
1018,SUB_REX_28,0,0,0,0,1,0,0,0,0,0,0,0,0,0,0,0,0,1,1
1019,SUB_REX_2A,0,0,0,0,1,0,0,0,0,0,0,0,0,0,0,0,0,1,1
1020,TEST,0,0,0,0,1,0,0,0,0,0,0,0,0,0,0,0,0,1,1
1021,TEST,0,0,0,0,1,0,0,0,0,0,0,0,0,0,0,0,0,1,1
1022,TEST,0,0,0,0,1,0,0,0,0,0,0,0,0,0,0,0,0,1,1
1023,TEST,0,0,0,0,1,0,1,0,0,0,0,0,0,0,0,0,0,3,6
1024,TEST,0,0,0,0,1,0,1,0,0,0,0,0,0,0,0,0,0,1,6
1025,TEST,0,0,0,0,1,0,1,0,0,0,0,0,0,0,0,0,0,3,6
1026,TEST,0,0,0,0,1,0,1,0,0,0,0,0,0,0,0,0,0,1,6
1027,TEST,0,0,0,0,1,0,1,0,0,0,0,0,0,0,0,0,0,3,6
1028,TEST,0,0,0,0,1,0,1,0,0,0,0,0,0,0,0,0,0,1,6
1029,TEST,0,0,0,0,1,0,1,0,0,0,0,0,0,0,0,0,0,3,6
1030,TEST,0,0,0,0,1,0,0,0,0,0,0,0,0,0,0,0,0,1,1
1031,TEST,0,0,0,0,1,0,0,0,0,0,0,0,0,0,0,0,0,1,1
1032,TEST,0,0,0,0,1,0,0,0,0,0,0,0,0,0,0,0,0,1,1
1033,TEST,0,0,0,0,1,0,0,0,0,0,0,0,0,0,0,0,0,1,1
1034,TEST,0,0,0,0,1,0,0,0,0,0,0,0,0,0,0,0,0,1,1
1035,TEST,0,0,0,0,1,0,0,0,0,0,0,0,0,0,0,0,0,1,1
1036,TEST,0,0,0,0,1,0,0,0,0,0,0,0,0,0,0,0,0,1,1
1037,TEST_NOREX,0,0,0,0,1,0,1,0,0,0,0,0,0,0,0,0,0,1,6
1038,TEST_NOREX,0,0,0,0,1,0,0,0,0,0,0,0,0,0,0,0,0,1,1
1039,TEST_NOREX,0,0,0,0,1,0,0,0,0,0,0,0,0,0,0,0,0,1,1
1040,TEST_REX,0,0,0,0,1,0,1,0,0,0,0,0,0,0,0,0,0,1,6
1041,TEST_REX,0,0,0,0,1,0,0,0,0,0,0,0,0,0,0,0,0,1,1
1042,TEST_REX,0,0,0,0,1,0,0,0,0,0,0,0,0,0,0,0,0,1,1
1043,VERR,0,0,1,0,0,10,0,0,0,6,0,0,4,5,0,0,0,62,68
1044,VERR,0,0,1,0,0,10,0,0,0,6,0,0,4,5,0,0,0,61,61
1045,VERW,0,0,1,0,0,0,0,0,0,8,0,0,5,5,2,1,0,64,69
1046,VERW,0,0,1,0,0,0,0,0,0,8,0,0,5,7,0,0,0,63,63
1047,XADD,0,0,0,0,2,0,1,1,1,0,0,0,0,0,0,0,0,1,11
1048,XADD,0,0,0,0,2,0,1,1,1,0,0,0,0,0,0,0,0,1,10
1049,XADD,0,0,0,0,2,0,1,1,1,0,0,0,0,0,0,0,0,1,10
1050,XADD,0,0,0,0,3,0,0,0,0,0,0,0,0,0,0,0,0,1,2
1051,XADD,0,0,0,0,3,0,0,0,0,0,0,0,0,0,0,0,0,1,2
1052,XADD,0,0,0,0,3,0,0,0,0,0,0,0,0,0,0,0,0,1,2
1053,XADD_LOCK,1,0,0,0,6,2,2,0,1,0,0,0,0,0,0,0,0,12,30
1054,XADD_LOCK,1,0,0,0,5,2,2,0,1,0,0,0,0,0,0,0,0,12,29
1055,XADD_LOCK,1,0,0,0,6,2,2,0,1,0,0,0,0,0,0,0,0,12,29
1056,XADD_LOCK_NOREX,1,0,0,0,5,2,2,0,1,0,0,0,0,0,0,0,0,12,30
1057,XADD_LOCK_REX,1,0,0,0,5,2,2,0,1,0,0,0,0,0,0,0,0,12,30
1058,XADD_NOREX,0,0,0,0,2,0,1,1,1,0,0,0,0,0,0,0,0,1,11
1059,XADD_NOREX,0,0,0,0,3,0,0,0,0,0,0,0,0,0,0,0,0,1,2
1060,XADD_REX,0,0,0,0,2,0,1,1,1,0,0,0,0,0,0,0,0,1,11
1061,XADD_REX,0,0,0,0,3,0,0,0,0,0,0,0,0,0,0,0,0,1,2
1062,XCHG,0,0,0,1,3,2,2,0,1,0,0,0,0,0,0,0,0,12,30
1063,XCHG,0,0,0,1,3,2,2,0,1,0,0,0,0,0,0,0,0,12,29
1064,XCHG,0,0,0,1,3,2,2,0,1,0,0,0,0,0,0,0,0,12,29
1065,XCHG,0,0,0,0,3,0,0,0,0,0,0,0,0,0,0,0,0,1,2
1066,XCHG,0,0,0,0,3,0,0,0,0,0,0,0,0,0,0,0,0,1,2
1067,XCHG,0,0,0,0,3,0,0,0,0,0,0,0,0,0,0,0,0,1,2
1068,XCHG,0,0,0,0,3,0,0,0,0,0,0,0,0,0,0,0,0,1,2
1069,XCHG,0,0,0,0,3,0,0,0,0,0,0,0,0,0,0,0,0,1,2
1070,XCHG,0,0,0,0,3,0,0,0,0,0,0,0,0,0,0,0,0,1,2
1071,XCHG_NOREX,0,0,0,1,3,2,2,0,1,0,0,0,0,0,0,0,0,12,30
1072,XCHG_NOREX,0,0,0,0,3,0,0,0,0,0,0,0,0,0,0,0,0,1,2
1073,XCHG_REX,0,0,0,1,3,2,2,0,1,0,0,0,0,0,0,0,0,12,30
1074,XCHG_REX,0,0,0,0,3,0,0,0,0,0,0,0,0,0,0,0,0,1,2
1075,XLAT,0,0,0,0,2,0,1,0,0,0,0,0,0,0,0,0,0,3,6
1076,XOR,0,0,0,0,1,0,0,0,0,0,0,0,0,0,0,0,0,1,1
1077,XOR,0,0,0,0,1,0,0,0,0,0,0,0,0,0,0,0,0,1,1
1078,XOR,0,0,0,0,1,0,0,0,0,0,0,0,0,0,0,0,0,1,1
1079,XOR,0,0,0,0,1,0,1,1,1,0,0,0,0,0,0,0,0,3,11
1080,XOR,0,0,0,0,1,0,1,1,1,0,0,0,0,0,0,0,0,3,11
1081,XOR,0,0,0,0,1,0,1,1,1,0,0,0,0,0,0,0,0,1,11
1082,XOR,0,0,0,0,1,0,1,1,1,0,0,0,0,0,0,0,0,3,10
1083,XOR,0,0,0,0,1,0,1,1,1,0,0,0,0,0,0,0,0,3,10
1084,XOR,0,0,0,0,1,0,1,1,1,0,0,0,0,0,0,0,0,1,10
1085,XOR,0,0,0,0,1,0,1,1,1,0,0,0,0,0,0,0,0,3,10
1086,XOR,0,0,0,0,1,0,1,1,1,0,0,0,0,0,0,0,0,3,10
1087,XOR,0,0,0,0,1,0,1,1,1,0,0,0,0,0,0,0,0,1,10
1088,XOR,0,0,0,0,1,0,1,1,1,0,0,0,0,0,0,0,0,3,11
1089,XOR,0,0,0,0,1,0,0,0,0,0,0,0,0,0,0,0,0,1,1
1090,XOR,0,0,0,0,1,0,0,0,0,0,0,0,0,0,0,0,0,1,1
1091,XOR,0,0,0,0,1,0,1,0,0,0,0,0,0,0,0,0,0,1,6
1092,XOR,0,0,0,0,1,0,0,0,0,0,0,0,0,0,0,0,0,1,1
1093,XOR,0,0,0,0,1,0,0,0,0,0,0,0,0,0,0,0,0,1,1
1094,XOR,0,0,0,0,1,0,1,0,0,0,0,0,0,0,0,0,0,1,6
1095,XOR,0,0,0,0,1,0,0,0,0,0,0,0,0,0,0,0,0,1,1
1096,XOR,0,0,0,0,1,0,0,0,0,0,0,0,0,0,0,0,0,1,1
1097,XOR,0,0,0,0,1,0,1,0,0,0,0,0,0,0,0,0,0,1,6
1098,XOR,0,0,0,0,1,0,0,0,0,0,0,0,0,0,0,0,0,1,1
1099,XOR_31,0,0,0,0,1,0,0,0,0,0,0,0,0,0,0,0,0,1,1
1100,XOR_31,0,0,0,0,1,0,0,0,0,0,0,0,0,0,0,0,0,0,1
1101,XOR_31,0,0,0,0,1,0,0,0,0,0,0,0,0,0,0,0,0,0,1
1102,XOR_33,0,0,0,0,1,0,0,0,0,0,0,0,0,0,0,0,0,1,1
1103,XOR_33,0,0,0,0,1,0,0,0,0,0,0,0,0,0,0,0,0,0,1
1104,XOR_33,0,0,0,0,1,0,0,0,0,0,0,0,0,0,0,0,0,0,1
1105,XOR_LOCK,1,0,0,0,4,2,2,0,1,0,0,0,0,0,0,0,0,15,30
1106,XOR_LOCK,1,0,0,0,4,2,2,0,1,0,0,0,0,0,0,0,0,15,30
1107,XOR_LOCK,1,0,0,0,4,2,2,0,1,0,0,0,0,0,0,0,0,12,30
1108,XOR_LOCK,1,0,0,0,4,2,2,0,1,0,0,0,0,0,0,0,0,15,29
1109,XOR_LOCK,1,0,0,0,4,2,2,0,1,0,0,0,0,0,0,0,0,15,29
1110,XOR_LOCK,1,0,0,0,4,2,2,0,1,0,0,0,0,0,0,0,0,12,29
1111,XOR_LOCK,1,0,0,0,4,2,2,0,1,0,0,0,0,0,0,0,0,15,29
1112,XOR_LOCK,1,0,0,0,4,2,2,0,1,0,0,0,0,0,0,0,0,15,29
1113,XOR_LOCK,1,0,0,0,4,2,2,0,1,0,0,0,0,0,0,0,0,12,29
1114,XOR_LOCK,1,0,0,0,4,2,2,0,1,0,0,0,0,0,0,0,0,15,30
1115,XOR_LOCK_NOREX,1,0,0,0,4,2,2,0,1,0,0,0,0,0,0,0,0,12,30
1116,XOR_LOCK_REX,1,0,0,0,4,2,2,0,1,0,0,0,0,0,0,0,0,12,30
1117,XOR_NOREX,0,0,0,0,1,0,1,1,1,0,0,0,0,0,0,0,0,1,11
1118,XOR_NOREX,0,0,0,0,1,0,0,0,0,0,0,0,0,0,0,0,0,1,1
1119,XOR_NOREX,0,0,0,0,1,0,1,0,0,0,0,0,0,0,0,0,0,1,6
1120,XOR_NOREX_30,0,0,0,0,1,0,0,0,0,0,0,0,0,0,0,0,0,1,1
1121,XOR_NOREX_32,0,0,0,0,1,0,0,0,0,0,0,0,0,0,0,0,0,1,1
1122,XOR_REX,0,0,0,0,1,0,1,1,1,0,0,0,0,0,0,0,0,1,11
1123,XOR_REX,0,0,0,0,1,0,0,0,0,0,0,0,0,0,0,0,0,1,1
1124,XOR_REX,0,0,0,0,1,0,1,0,0,0,0,0,0,0,0,0,0,1,6
1125,XOR_REX_30,0,0,0,0,1,0,0,0,0,0,0,0,0,0,0,0,0,1,1
1126,XOR_REX_32,0,0,0,0,1,0,0,0,0,0,0,0,0,0,0,0,0,1,1
